{"intents":
	[
		{
			"id": "org_gedig_1",
			"tag":"greeting",
			"patterns":["Hi","Hey","How are you","Is anyone there?","Hello","Good day","Heyyaaa","hiiii","how do you do","Howdie","yo","houi","ola"],
			"responses":["Hello, my name is Alpha. How can I help you today?","Good to see you again. How can I help you?","Hi there, how can I help?"],
			"context_set":"",
			"type":"text",
			"easy_replies":["Alpha","Good"]
		},
		{
			"id": "org_gedig_2",
			"tag":"goodbye",
			"patterns":["Bye","See you later","Goodbye"],
			"responses":["See you later, thanks for visiting","Have a nice day","Bye! Come back again soon."],
			"type":"text"
		},
		{
			"id": "org_gedig_3",
			"tag":"thanks",
			"patterns":["Thanks","Thank you","That's helpful"],
			"responses":["Happy to help!","Any time!","My pleasure"],
			"type":"text"
		},
		{
			"id": "org_gedig_4",
			"tag":"leave_policy",
			"patterns":["What is the leave policy?","What is GE's leave policy?","What is my leave policy?","Tell me the leave policy","Tell me about the leave policy","Please enlighten me about the leave policy","tell me the GE leave policy"],
			"responses":["You are entitled to an annual leave of 25 days which inlcudes casual leave and a sick leave of 12 days. Apart from these leaves you are also entitled to long term illness/maternity/paternity and adoption leaves"],
			"context_set":"leave_context",
			"type":"text"
		},
		{
			"id": "org_gedig_5",
			"tag":"leave_timeperiod",
			"patterns":["When are the leaves credited?","Are the leaves credited every month?","Are the leaves given every month?","Is my casual leaves credited every month?","Is my sick leave credited every month?","Are these leaves computed every month or annually?","How are my leaves calculated?","How are my casual leaves calculated?","How are my leaves computed?","How are my casual leaves computed?"],
			"responses":["Your leaves are computed per annum pro rata based"],
			"context_set":"leave_context",
			"type":"text"
		},
		{
			"id": "org_gedig_6",
			"tag":"leaves_weekend",
			"patterns":["Are public holidays caunted as leaves?","Is Saturday and Sunday counted as a leave?","Are public holidays caunted as leaves?","Weekends counted as a leave?","Are Saturday or Sunday a part of my leaves?","Are weekends a part of my leaves?","Are holidays a part of my leaves?","Are public holidays a part of my leaves?","Are Saturday or Sunday a part of my casual leaves?"],
			"responses":["Where leaves are taken in days Saturday/Sunday/Public holidays are not deducted from your leave balance."],
			"context_set":"leave_context",
			"type":"text"
		},
		{
			"id": "org_gedig_7",
			"tag":"leave_carry",
			"patterns":["Tell me about unused leaves?","What happens to my unused sick leaves?","Can sick leaves be carry forwarded?","Can privelege leaves be carry forwarded?","Can casual leaves be carry forwarded?","Can earned leaves be carry forwarded?"],
			"responses":["While the sick leave does not carry over, your unused casual(priveleged or earned) leave will be carried forward till the accumulated leave reaches the maximum accumulation limit (40) beyond which any annual leave accrued for the year will lapse."],
			"context_set":"leave_context",
			"type":"text"
		},
		{
			"id": "org_gedig_8",
			"tag":"leave_maternity",
			"patterns":["materinity","maternity","What is the maternity leave policy in GE?","What are the other maternity benefits?","What are the maternity leaves in GE?","What is the maternity leave policy in GE?","Wha are the maternity benefits?","Tell me about my maternity leaves","What are my maternity leaves?"],
			"responses":["All female empoyess in GE are entitled to maternity leave for 26 Weeks of which at least 18 Weeks needs to be taken after the date of delivery."],
			"context_set":"leave_context",
			"type":"text"
		},
		{
			"id": "org_gedig_9",
			"tag":"leave_paternity",
			"patterns":["What is the paternity leave policy in GE?","Till when can the paternity leaves be availed?","How many paternity leaves are there in GE?","What are the paternity benefits?"],
			"responses":["Male employees can avail upto 10 working days as Paternity Leave on birth/adoption of a child. These leaves must be availed within a period of 1 year of birth/adoption."],
			"context_filter":"leave_context",
			"type":"text"
		},
		{
			"id": "org_gedig_10",
			"tag":"leave_encash",
			"patterns":["Can I encash my sick leaves?","Can I exchange the leaves for money?","Can I exchange the leaves for cash?"],
			"responses":["Encashment of only casual leaves is allowed up to the maximum limit of 60 days when leaving the company."],
			"type":"text"
		},
		{
			"id": "org_gedig_11",
			"tag":"leave_long_term",
			"patterns":["What is the long term illness policy?","Tell me about my long term illness leaves","What are my long term illness leaves?","How many long term illness leaves do I have?"],
			"responses":["In case of log term illness employee may avail a maximum of 4 weeks of fully-paid leave post approval of India Medical Director"],
			"type":"text"
		},
		{
			"id": "org_gedig_12",
			"tag":"enrollments",
			"patterns":["How do I update my Enrollments","How do I update my Elections","How do I modify my Insurance","How do I change my Enrollments","How do I change my Enrollments","I want to update my enrollments","Where can I update my enrollments?"],
			"responses":["Click on the following link to update the enrollments"],
			"link":"https://ssl2.perquisite.net/RewardCentre/M/Home#/",
			"type":"text"
		},
		{
			"id": "org_gedig_13",
			"tag":"dependents",
			"patterns":["I want to update my Dependants","How do I Update my dependents","Can I update my dependents mid year"],
			"responses":["dependents"],
			"type":"text"
		},
		{
			"id": "org_gedig_14",
			"tag":"fallback",
			"patterns":["","assada"],
			"responses":["Sorry. I cannot understand/perform what you have said. Please contact the HR team at: edge.hroi@ge.com. <br>I can perform the following tasks."],
			"type":"options",
			"options":["Tell me the leave policy","Apply for a leave","Update my enrollments"]
		}
	]
}