meals_future_data_june_18_24_25.flight_number,meals_future_data_june_18_24_25.flight_boarding_pt,meals_future_data_june_18_24_25.flight_boarding_time,meals_future_data_june_18_24_25.destination,meals_future_data_june_18_24_25.menu_cycle,meals_future_data_june_18_24_25.itemcategory,meals_future_data_june_18_24_25.adults,meals_future_data_june_18_24_25.children,meals_future_data_june_18_24_25.elders,meals_future_data_june_18_24_25.middle aged,meals_future_data_june_18_24_25.teenagers,meals_future_data_june_18_24_25.unknown,meals_future_data_june_18_24_25.c,meals_future_data_june_18_24_25.f,meals_future_data_june_18_24_25.m,meals_future_data_june_18_24_25.unknown column,meals_future_data_june_18_24_25.africa,meals_future_data_june_18_24_25.americas,meals_future_data_june_18_24_25.asia,meals_future_data_june_18_24_25.europe,meals_future_data_june_18_24_25.oceania,meals_future_data_june_18_24_25.unknown country region,meals_future_data_june_18_24_25.unknown cuisine,meals_future_data_june_18_24_25.asian,meals_future_data_june_18_24_25.asian / japanese,meals_future_data_june_18_24_25.continental / european,meals_future_data_june_18_24_25.indian,meals_future_data_june_18_24_25.middle eastern,meals_future_data_june_18_24_25.middle eastern / gulf,meals_future_data_june_18_24_25.flight_boarding_time_conv,meals_future_data_june_18_24_25.year,meals_future_data_june_18_24_25.month,meals_future_data_june_18_24_25.quarter,meals_future_data_june_18_24_25.week,meals_future_data_june_18_24_25.day,meals_future_data_june_18_24_25.meal,meals_future_data_june_18_24_25.dishsubcategory,meals_future_data_june_18_24_25.pax_count
73,DXB,2.01806E+11,BCD,C,Lunch,17,6,21,42,1,5,6,26,60,,5,5,19,26,29,8,1,0,0,0,0,0,0,20:00.0,2018,6,2,26,26,1,Seafood,92
73,DXB,2.01806E+11,BCD,C,Lunch,17,6,21,42,1,5,6,26,60,,5,5,19,26,29,8,1,0,0,0,0,0,0,20:00.0,2018,6,2,26,26,1,Poultry,92
73,DXB,2.01806E+11,BCD,C,Lunch,17,6,21,42,1,5,6,26,60,,5,5,19,26,29,8,1,0,0,0,0,0,0,20:00.0,2018,6,2,26,26,1,Red Meat,92
31,DXB,2.01806E+11,BLH,C,Lunch,35,6,7,40,6,8,5,36,61,,2,2,27,52,9,10,1,0,0,0,0,0,0,25:00.0,2018,6,2,25,24,1,Red Meat,101
31,DXB,2.01806E+11,BLH,C,Lunch,35,6,7,40,6,8,5,36,61,,2,2,27,52,9,10,1,0,0,0,0,0,0,25:00.0,2018,6,2,25,24,1,Seafood,101
31,DXB,2.01806E+11,BLH,C,Lunch,35,6,7,40,6,8,5,36,61,,2,2,27,52,9,10,1,0,0,0,0,0,0,25:00.0,2018,6,2,25,24,1,Poultry,101
81,DXB,2.01806E+11,BLY,C,Lunch,1,,1,2,,,,3,1,,,,1,3,,,1,0,0,0,0,0,0,35:00.0,2018,6,2,26,25,1,Seafood,4
81,DXB,2.01806E+11,BLY,C,Lunch,1,,1,2,,,,3,1,,,,1,3,,,1,0,0,0,0,0,0,35:00.0,2018,6,2,26,25,1,Poultry,4
81,DXB,2.01806E+11,BLY,C,Lunch,1,,1,2,,,,3,1,,,,1,3,,,1,0,0,0,0,0,0,35:00.0,2018,6,2,26,25,1,Red Meat,4
81,DXB,2.01806E+11,BLY,C,Lunch,7,2,3,15,3,2,3,10,19,,,,6,20,,6,1,0,0,0,0,0,0,35:00.0,2018,6,2,26,29,1,Poultry,32
81,DXB,2.01806E+11,BLY,C,Lunch,7,2,3,15,3,2,3,10,19,,,,6,20,,6,1,0,0,0,0,0,0,35:00.0,2018,6,2,26,29,1,Seafood,32
81,DXB,2.01806E+11,BLY,C,Lunch,7,2,3,15,3,2,3,10,19,,,,6,20,,6,1,0,0,0,0,0,0,35:00.0,2018,6,2,26,29,1,Red Meat,32
307,PEK,2.01807E+11,KDX,B,Dinner,14,,5,41,3,3,,19,47,,16,1,36,10,,3,0,1,0,0,0,0,0,40:00.0,2018,7,3,26,1,1,Red Meat,66
307,PEK,2.01807E+11,KDX,B,Dinner,14,,5,41,3,3,,19,47,,16,1,36,10,,3,0,0,0,1,0,0,0,40:00.0,2018,7,3,26,1,1,Seafood,66
307,PEK,2.01807E+11,KDX,B,Dinner,14,,5,41,3,3,,19,47,,16,1,36,10,,3,0,0,0,1,0,0,0,40:00.0,2018,7,3,26,1,1,Poultry,66
5,DXB,2.01806E+11,BLH,C,Lunch,22,4,11,50,2,23,4,42,66,,7,5,30,36,7,27,1,0,0,0,0,0,0,45:00.0,2018,6,2,26,27,1,Seafood,111
5,DXB,2.01806E+11,BLH,C,Lunch,22,4,11,50,2,23,4,42,66,,7,5,30,36,7,27,1,0,0,0,0,0,0,45:00.0,2018,6,2,26,27,1,Red Meat,111
5,DXB,2.01806E+11,BLH,C,Lunch,22,4,11,50,2,23,4,42,66,,7,5,30,36,7,27,1,0,0,0,0,0,0,45:00.0,2018,6,2,26,27,1,Poultry,111
74,CDG,2.01806E+11,GDX,C,Lunch,27,2,17,28,,4,1,25,52,,4,5,32,24,9,4,1,0,0,0,0,0,0,35:00.0,2018,6,2,26,27,1,Red Meat,77
74,CDG,2.01806E+11,GDX,C,Lunch,27,2,17,28,,4,1,25,52,,4,5,32,24,9,4,1,0,0,0,0,0,0,35:00.0,2018,6,2,26,27,1,Poultry,77
74,CDG,2.01806E+11,GDX,C,Lunch,27,2,17,28,,4,1,25,52,,4,5,32,24,9,4,0,0,0,1,0,0,0,35:00.0,2018,6,2,26,27,1,Seafood,77
50,MUC,2.01806E+11,CDX,C,Lunch,11,3,2,17,,2,3,7,25,,,,12,18,3,2,1,0,0,0,0,0,0,40:00.0,2018,6,2,26,25,1,Seafood,35
50,MUC,2.01806E+11,CDX,C,Lunch,11,3,2,17,,2,3,7,25,,,,12,18,3,2,0,0,0,1,0,0,0,40:00.0,2018,6,2,26,25,1,Red Meat,35
50,MUC,2.01806E+11,CDX,C,Lunch,11,3,2,17,,2,3,7,25,,,,12,18,3,2,1,0,0,0,0,0,0,40:00.0,2018,6,2,26,25,1,Poultry,35
307,PEK,2.01806E+11,KDX,A,Dinner,18,,11,43,,10,,13,69,,15,2,34,21,,10,0,0,0,0,0,1,0,40:00.0,2018,6,2,26,29,1,Poultry,82
307,PEK,2.01806E+11,KDX,A,Dinner,18,,11,43,,10,,13,69,,15,2,34,21,,10,0,0,0,1,0,0,0,40:00.0,2018,6,2,26,29,1,Seafood,82
307,PEK,2.01806E+11,KDX,A,Dinner,18,,11,43,,10,,13,69,,15,2,34,21,,10,0,0,0,1,0,0,0,40:00.0,2018,6,2,26,29,1,Red Meat,82
46,FRA,2.01806E+11,ADX,C,Lunch,14,,6,13,,1,,6,28,,3,2,12,12,4,1,1,0,0,0,0,0,0,15:00.0,2018,6,2,26,29,1,Poultry,34
46,FRA,2.01806E+11,ADX,C,Lunch,14,,6,13,,1,,6,28,,3,2,12,12,4,1,0,0,0,1,0,0,0,15:00.0,2018,6,2,26,29,1,Red Meat,34
46,FRA,2.01806E+11,ADX,C,Lunch,14,,6,13,,1,,6,28,,3,2,12,12,4,1,1,0,0,0,0,0,0,15:00.0,2018,6,2,26,29,1,Seafood,34
201,DXB,2.01806E+11,BJF,C,Lunch,18,10,7,19,3,1,10,21,27,,7,10,17,4,,20,1,0,0,0,0,0,0,30:00.0,2018,6,2,26,30,1,Red Meat,57
201,DXB,2.01806E+11,BJF,C,Lunch,18,10,7,19,3,1,10,21,27,,7,10,17,4,,20,0,0,0,1,0,0,0,30:00.0,2018,6,2,26,30,1,Poultry,57
201,DXB,2.01806E+11,BJF,C,Lunch,18,10,7,19,3,1,10,21,27,,7,10,17,4,,20,1,0,0,0,0,0,0,30:00.0,2018,6,2,26,30,1,Pasta or Vegetarian,57
73,DXB,2.01806E+11,BCD,C,Lunch,26,4,15,36,4,12,4,26,67,,4,4,20,29,27,13,1,0,0,0,0,0,0,20:00.0,2018,6,2,26,27,1,Poultry,97
73,DXB,2.01806E+11,BCD,C,Lunch,26,4,15,36,4,12,4,26,67,,4,4,20,29,27,13,1,0,0,0,0,0,0,20:00.0,2018,6,2,26,27,1,Red Meat,97
73,DXB,2.01806E+11,BCD,C,Lunch,26,4,15,36,4,12,4,26,67,,4,4,20,29,27,13,1,0,0,0,0,0,0,20:00.0,2018,6,2,26,27,1,Seafood,97
139,DXB,2.01806E+11,BPR,C,Lunch,13,3,6,39,2,9,3,23,46,,3,3,34,13,8,11,1,0,0,0,0,0,0,35:00.0,2018,6,2,25,24,1,Seafood,72
139,DXB,2.01806E+11,BPR,C,Lunch,13,3,6,39,2,9,3,23,46,,3,3,34,13,8,11,1,0,0,0,0,0,0,35:00.0,2018,6,2,25,24,1,Red Meat,72
139,DXB,2.01806E+11,BPR,C,Lunch,13,3,6,39,2,9,3,23,46,,3,3,34,13,8,11,1,0,0,0,0,0,0,35:00.0,2018,6,2,25,24,1,Poultry,72
5,DXB,2.01806E+11,BLH,C,Lunch,19,3,12,42,5,4,3,28,54,,3,13,31,29,5,4,1,0,0,0,0,0,0,45:00.0,2018,6,2,25,24,1,Poultry,85
5,DXB,2.01806E+11,BLH,C,Lunch,19,3,12,42,5,4,3,28,54,,3,13,31,29,5,4,1,0,0,0,0,0,0,45:00.0,2018,6,2,25,24,1,Seafood,85
5,DXB,2.01806E+11,BLH,C,Lunch,19,3,12,42,5,4,3,28,54,,3,13,31,29,5,4,1,0,0,0,0,0,0,45:00.0,2018,6,2,25,24,1,Red Meat,85
29,DXB,2.01806E+11,BLH,C,Lunch,20,6,18,45,3,10,6,35,61,,12,4,37,27,12,10,1,0,0,0,0,0,0,40:00.0,2018,6,2,26,25,1,Poultry,102
29,DXB,2.01806E+11,BLH,C,Lunch,20,6,18,45,3,10,6,35,61,,12,4,37,27,12,10,1,0,0,0,0,0,0,40:00.0,2018,6,2,26,25,1,Red Meat,102
29,DXB,2.01806E+11,BLH,C,Lunch,20,6,18,45,3,10,6,35,61,,12,4,37,27,12,10,1,0,0,0,0,0,0,40:00.0,2018,6,2,26,25,1,Seafood,102
4,LHR,2.01806E+11,RDX,C,Dinner,24,8,14,31,4,,8,31,42,,6,7,46,18,4,,1,0,0,0,0,0,0,40:00.0,2018,6,2,26,26,1,Poultry,81
4,LHR,2.01806E+11,RDX,C,Dinner,24,8,14,31,4,,8,31,42,,6,7,46,18,4,,1,0,0,0,0,0,0,40:00.0,2018,6,2,26,26,1,Red Meat,81
4,LHR,2.01806E+11,RDX,C,Dinner,24,8,14,31,4,,8,31,42,,6,7,46,18,4,,1,0,0,0,0,0,0,40:00.0,2018,6,2,26,26,1,Seafood,81
46,FRA,2.01807E+11,ADX,D,Lunch,5,,6,18,,18,3,10,34,,,1,9,14,3,20,0,0,0,1,0,0,0,15:00.0,2018,7,3,26,1,1,Poultry,47
46,FRA,2.01807E+11,ADX,D,Lunch,5,,6,18,,18,3,10,34,,,1,9,14,3,20,1,0,0,0,0,0,0,15:00.0,2018,7,3,26,1,1,Seafood,47
46,FRA,2.01807E+11,ADX,D,Lunch,5,,6,18,,18,3,10,34,,,1,9,14,3,20,1,0,0,0,0,0,0,15:00.0,2018,7,3,26,1,1,Red Meat,47
31,DXB,2.01806E+11,BLH,C,Lunch,25,5,15,32,5,,5,38,39,,2,4,23,37,16,,1,0,0,0,0,0,0,25:00.0,2018,6,2,26,28,1,Seafood,82
31,DXB,2.01806E+11,BLH,C,Lunch,25,5,15,32,5,,5,38,39,,2,4,23,37,16,,1,0,0,0,0,0,0,25:00.0,2018,6,2,26,28,1,Poultry,82
31,DXB,2.01806E+11,BLH,C,Lunch,25,5,15,32,5,,5,38,39,,2,4,23,37,16,,1,0,0,0,0,0,0,25:00.0,2018,6,2,26,28,1,Red Meat,82
704,MRU,2.01806E+11,UDX,C,Dinner,10,2,3,24,1,,2,15,23,,8,1,3,28,,,1,0,0,0,0,0,0,50:00.0,2018,6,2,25,24,1,Red Meat,40
704,MRU,2.01806E+11,UDX,C,Dinner,10,2,3,24,1,,2,15,23,,8,1,3,28,,,1,0,0,0,0,0,0,50:00.0,2018,6,2,25,24,1,Poultry,40
704,MRU,2.01806E+11,UDX,C,Dinner,10,2,3,24,1,,2,15,23,,8,1,3,28,,,1,0,0,0,0,0,0,50:00.0,2018,6,2,25,24,1,Seafood,40
202,JFK,2.01806E+11,KDX,C,Lunch,42,5,7,41,1,2,3,29,66,,5,17,59,8,2,7,0,0,1,0,0,0,0,00:00.0,2018,6,2,26,28,1,Seafood,96
202,JFK,2.01806E+11,KDX,C,Lunch,42,5,7,41,1,2,3,29,66,,5,17,59,8,2,7,0,0,0,1,0,0,0,00:00.0,2018,6,2,26,28,1,Red Meat,96
202,JFK,2.01806E+11,KDX,C,Lunch,42,5,7,41,1,2,3,29,66,,5,17,59,8,2,7,0,0,0,0,1,0,0,00:00.0,2018,6,2,26,28,1,Poultry,96
87,DXB,2.01806E+11,BZR,C,Lunch,15,7,28,22,,2,6,28,40,1,7,,47,13,5,1,1,0,0,0,0,0,0,40:00.0,2018,6,2,26,26,1,Poultry,74
87,DXB,2.01806E+11,BZR,C,Lunch,15,7,28,22,,2,6,28,40,1,7,,47,13,5,1,1,0,0,0,0,0,0,40:00.0,2018,6,2,26,26,1,Red Meat,74
87,DXB,2.01806E+11,BZR,C,Lunch,15,7,28,22,,2,6,28,40,1,7,,47,13,5,1,1,0,0,0,0,0,0,40:00.0,2018,6,2,26,26,1,Seafood,74
406,DXB,2.01806E+11,BME,C,Lunch,9,1,23,32,1,3,1,32,36,,,,,14,52,3,0,0,0,1,0,0,0,15:00.0,2018,6,2,26,25,1,Poultry,69
406,DXB,2.01806E+11,BME,C,Lunch,9,1,23,32,1,3,1,32,36,,,,,14,52,3,1,0,0,0,0,0,0,15:00.0,2018,6,2,26,25,1,Red Meat,69
406,DXB,2.01806E+11,BME,C,Lunch,9,1,23,32,1,3,1,32,36,,,,,14,52,3,0,0,0,1,0,0,0,15:00.0,2018,6,2,26,25,1,Seafood,69
202,JFK,2.01806E+11,KDX,C,Lunch,20,8,8,36,3,,8,27,40,,4,18,43,1,3,6,0,0,1,0,0,0,0,00:00.0,2018,6,2,26,30,1,Seafood,75
202,JFK,2.01806E+11,KDX,C,Lunch,20,8,8,36,3,,8,27,40,,4,18,43,1,3,6,0,0,0,1,0,0,0,00:00.0,2018,6,2,26,30,1,Red Meat,75
202,JFK,2.01806E+11,KDX,C,Lunch,20,8,8,36,3,,8,27,40,,4,18,43,1,3,6,0,0,0,0,1,0,0,00:00.0,2018,6,2,26,30,1,Poultry,75
50,MUC,2.01806E+11,CDX,C,Lunch,16,1,4,14,,2,,7,30,,2,,9,21,3,2,1,0,0,0,0,0,0,40:00.0,2018,6,2,26,26,1,Poultry,36
50,MUC,2.01806E+11,CDX,C,Lunch,16,1,4,14,,2,,7,30,,2,,9,21,3,2,0,0,0,1,0,0,0,40:00.0,2018,6,2,26,26,1,Red Meat,36
50,MUC,2.01806E+11,CDX,C,Lunch,16,1,4,14,,2,,7,30,,2,,9,21,3,2,1,0,0,0,0,0,0,40:00.0,2018,6,2,26,26,1,Seafood,36
406,DXB,2.01806E+11,BME,C,Lunch,21,2,26,31,,3,,32,51,,1,2,2,12,63,3,1,0,0,0,0,0,0,15:00.0,2018,6,2,26,28,1,Red Meat,81
406,DXB,2.01806E+11,BME,C,Lunch,21,2,26,31,,3,,32,51,,1,2,2,12,63,3,0,0,0,1,0,0,0,15:00.0,2018,6,2,26,28,1,Seafood,81
406,DXB,2.01806E+11,BME,C,Lunch,21,2,26,31,,3,,32,51,,1,2,2,12,63,3,0,0,0,1,0,0,0,15:00.0,2018,6,2,26,28,1,Poultry,81
704,MRU,2.01806E+11,UDX,C,Dinner,11,2,4,14,1,6,2,15,21,,8,1,3,19,,7,1,0,0,0,0,0,0,50:00.0,2018,6,2,26,29,1,Poultry,38
704,MRU,2.01806E+11,UDX,C,Dinner,11,2,4,14,1,6,2,15,21,,8,1,3,19,,7,1,0,0,0,0,0,0,50:00.0,2018,6,2,26,29,1,Seafood,38
704,MRU,2.01806E+11,UDX,C,Dinner,11,2,4,14,1,6,2,15,21,,8,1,3,19,,7,1,0,0,0,0,0,0,50:00.0,2018,6,2,26,29,1,Red Meat,38
1,DXB,2.01806E+11,BLH,C,Lunch,13,2,19,41,4,10,1,39,49,,6,3,19,25,25,11,1,0,0,0,0,0,0,45:00.0,2018,6,2,26,28,1,Seafood,88
1,DXB,2.01806E+11,BLH,C,Lunch,13,2,19,41,4,10,1,39,49,,6,3,19,25,25,11,1,0,0,0,0,0,0,45:00.0,2018,6,2,26,28,1,Poultry,88
1,DXB,2.01806E+11,BLH,C,Lunch,13,2,19,41,4,10,1,39,49,,6,3,19,25,25,11,1,0,0,0,0,0,0,45:00.0,2018,6,2,26,28,1,Red Meat,88
202,JFK,2.01806E+11,KDX,C,Lunch,16,7,16,39,1,1,7,26,47,,8,18,45,7,,2,0,0,0,1,0,0,0,00:00.0,2018,6,2,26,25,1,Red Meat,80
202,JFK,2.01806E+11,KDX,C,Lunch,16,7,16,39,1,1,7,26,47,,8,18,45,7,,2,0,0,0,0,1,0,0,00:00.0,2018,6,2,26,25,1,Poultry,80
202,JFK,2.01806E+11,KDX,C,Lunch,16,7,16,39,1,1,7,26,47,,8,18,45,7,,2,0,0,1,0,0,0,0,00:00.0,2018,6,2,26,25,1,Seafood,80
5,DXB,2.01806E+11,BLH,C,Lunch,19,3,20,34,4,9,3,36,50,,1,6,22,30,21,9,1,0,0,0,0,0,0,45:00.0,2018,6,2,26,25,1,Red Meat,89
5,DXB,2.01806E+11,BLH,C,Lunch,19,3,20,34,4,9,3,36,50,,1,6,22,30,21,9,1,0,0,0,0,0,0,45:00.0,2018,6,2,26,25,1,Seafood,89
5,DXB,2.01806E+11,BLH,C,Lunch,19,3,20,34,4,9,3,36,50,,1,6,22,30,21,9,1,0,0,0,0,0,0,45:00.0,2018,6,2,26,25,1,Poultry,89
29,DXB,2.01806E+11,BLH,C,Lunch,10,7,12,26,5,16,8,32,36,,8,3,21,16,9,19,1,0,0,0,0,0,0,40:00.0,2018,6,2,26,30,1,Poultry,76
29,DXB,2.01806E+11,BLH,C,Lunch,10,7,12,26,5,16,8,32,36,,8,3,21,16,9,19,1,0,0,0,0,0,0,40:00.0,2018,6,2,26,30,1,Seafood,76
29,DXB,2.01806E+11,BLH,C,Lunch,10,7,12,26,5,16,8,32,36,,8,3,21,16,9,19,1,0,0,0,0,0,0,40:00.0,2018,6,2,26,30,1,Red Meat,76
87,DXB,2.01806E+11,BZR,C,Lunch,20,3,11,22,3,7,2,31,33,,2,2,25,24,6,7,1,0,0,0,0,0,0,40:00.0,2018,6,2,26,27,1,Poultry,65
87,DXB,2.01806E+11,BZR,C,Lunch,20,3,11,22,3,7,2,31,33,,2,2,25,24,6,7,1,0,0,0,0,0,0,40:00.0,2018,6,2,26,27,1,Red Meat,65
87,DXB,2.01806E+11,BZR,C,Lunch,20,3,11,22,3,7,2,31,33,,2,2,25,24,6,7,1,0,0,0,0,0,0,40:00.0,2018,6,2,26,27,1,Seafood,65
74,CDG,2.01806E+11,GDX,C,Lunch,29,5,14,31,3,4,4,26,56,,4,5,31,21,21,4,0,0,0,1,0,0,0,35:00.0,2018,6,2,26,28,1,Seafood,85
74,CDG,2.01806E+11,GDX,C,Lunch,29,5,14,31,3,4,4,26,56,,4,5,31,21,21,4,1,0,0,0,0,0,0,35:00.0,2018,6,2,26,28,1,Red Meat,85
74,CDG,2.01806E+11,GDX,C,Lunch,29,5,14,31,3,4,4,26,56,,4,5,31,21,21,4,1,0,0,0,0,0,0,35:00.0,2018,6,2,26,28,1,Poultry,85
45,DXB,2.01806E+11,BFR,C,Lunch,13,5,7,28,4,9,4,16,46,,6,,18,33,,9,1,0,0,0,0,0,0,25:00.0,2018,6,2,26,30,1,Poultry,65
45,DXB,2.01806E+11,BFR,C,Lunch,13,5,7,28,4,9,4,16,46,,6,,18,33,,9,1,0,0,0,0,0,0,25:00.0,2018,6,2,26,30,1,Red Meat,65
45,DXB,2.01806E+11,BFR,C,Lunch,13,5,7,28,4,9,4,16,46,,6,,18,33,,9,1,0,0,0,0,0,0,25:00.0,2018,6,2,26,30,1,Seafood,65
139,DXB,2.01806E+11,BPR,C,Lunch,17,5,4,25,,1,5,17,30,,5,4,15,15,11,2,1,0,0,0,0,0,0,35:00.0,2018,6,2,26,25,1,Red Meat,52
139,DXB,2.01806E+11,BPR,C,Lunch,17,5,4,25,,1,5,17,30,,5,4,15,15,11,2,1,0,0,0,0,0,0,35:00.0,2018,6,2,26,25,1,Seafood,52
139,DXB,2.01806E+11,BPR,C,Lunch,17,5,4,25,,1,5,17,30,,5,4,15,15,11,2,1,0,0,0,0,0,0,35:00.0,2018,6,2,26,25,1,Poultry,52
139,DXB,2.01806E+11,BPR,C,Lunch,8,4,3,17,2,22,4,25,27,,3,,7,14,8,24,1,0,0,0,0,0,0,35:00.0,2018,6,2,26,30,1,Seafood,56
139,DXB,2.01806E+11,BPR,C,Lunch,8,4,3,17,2,22,4,25,27,,3,,7,14,8,24,1,0,0,0,0,0,0,35:00.0,2018,6,2,26,30,1,Poultry,56
139,DXB,2.01806E+11,BPR,C,Lunch,8,4,3,17,2,22,4,25,27,,3,,7,14,8,24,1,0,0,0,0,0,0,35:00.0,2018,6,2,26,30,1,Red Meat,56
407,MEL,2.01806E+11,LDX,A,Dinner,12,1,29,35,3,7,1,41,45,,,2,5,14,59,7,0,0,0,1,0,0,0,25:00.0,2018,6,2,26,26,1,Seafood,87
407,MEL,2.01806E+11,LDX,A,Dinner,12,1,29,35,3,7,1,41,45,,,2,5,14,59,7,0,0,0,1,0,0,0,25:00.0,2018,6,2,26,26,1,Poultry,87
407,MEL,2.01806E+11,LDX,A,Dinner,12,1,29,35,3,7,1,41,45,,,2,5,14,59,7,1,0,0,0,0,0,0,25:00.0,2018,6,2,26,26,1,Red Meat,87
407,MEL,2.01806E+11,LDX,A,Dinner,11,2,21,41,5,2,2,37,43,,,,,11,69,2,1,0,0,0,0,0,0,25:00.0,2018,6,2,26,27,1,Red Meat,82
407,MEL,2.01806E+11,LDX,A,Dinner,11,2,21,41,5,2,2,37,43,,,,,11,69,2,0,0,0,1,0,0,0,25:00.0,2018,6,2,26,27,1,Seafood,82
407,MEL,2.01806E+11,LDX,A,Dinner,11,2,21,41,5,2,2,37,43,,,,,11,69,2,0,0,0,1,0,0,0,25:00.0,2018,6,2,26,27,1,Poultry,82
88,ZRH,2.01806E+11,HDX,C,Lunch,12,,11,19,4,6,,16,36,,2,3,31,8,2,6,1,0,0,0,0,0,0,25:00.0,2018,6,2,26,28,1,Red Meat,52
88,ZRH,2.01806E+11,HDX,C,Lunch,12,,11,19,4,6,,16,36,,2,3,31,8,2,6,1,0,0,0,0,0,0,25:00.0,2018,6,2,26,28,1,Seafood,52
88,ZRH,2.01806E+11,HDX,C,Lunch,12,,11,19,4,6,,16,36,,2,3,31,8,2,6,1,0,0,0,0,0,0,25:00.0,2018,6,2,26,28,1,Poultry,52
405,MEL,2.01806E+11,LSI,A,Lunch,13,8,20,39,6,,6,37,43,,,,11,11,64,,0,0,0,1,0,0,0,00:00.0,2018,6,2,26,26,1,Seafood,84
405,MEL,2.01806E+11,LSI,A,Lunch,13,8,20,39,6,,6,37,43,,,,11,11,64,,1,0,0,0,0,0,0,00:00.0,2018,6,2,26,26,1,Red Meat,84
405,MEL,2.01806E+11,LSI,A,Lunch,13,8,20,39,6,,6,37,43,,,,11,11,64,,0,0,0,1,0,0,0,00:00.0,2018,6,2,26,26,1,Poultry,84
29,DXB,2.01806E+11,BLH,C,Lunch,23,12,11,38,6,10,9,49,42,,5,10,51,20,2,12,1,0,0,0,0,0,0,40:00.0,2018,6,2,26,27,1,Seafood,97
29,DXB,2.01806E+11,BLH,C,Lunch,23,12,11,38,6,10,9,49,42,,5,10,51,20,2,12,1,0,0,0,0,0,0,40:00.0,2018,6,2,26,27,1,Red Meat,97
29,DXB,2.01806E+11,BLH,C,Lunch,23,12,11,38,6,10,9,49,42,,5,10,51,20,2,12,1,0,0,0,0,0,0,40:00.0,2018,6,2,26,27,1,Poultry,97
2,LHR,2.01806E+11,RDX,C,Lunch,15,3,23,43,1,6,3,22,66,,3,2,33,33,13,7,1,0,0,0,0,0,0,20:00.0,2018,6,2,26,25,1,Seafood,91
2,LHR,2.01806E+11,RDX,C,Lunch,15,3,23,43,1,6,3,22,66,,3,2,33,33,13,7,1,0,0,0,0,0,0,20:00.0,2018,6,2,26,25,1,Red Meat,91
2,LHR,2.01806E+11,RDX,C,Lunch,15,3,23,43,1,6,3,22,66,,3,2,33,33,13,7,1,0,0,0,0,0,0,20:00.0,2018,6,2,26,25,1,Poultry,91
202,JFK,2.01806E+11,KDX,C,Lunch,28,2,5,43,2,,2,21,57,,2,18,42,10,3,5,0,0,0,0,1,0,0,00:00.0,2018,6,2,26,29,1,Poultry,80
202,JFK,2.01806E+11,KDX,C,Lunch,28,2,5,43,2,,2,21,57,,2,18,42,10,3,5,0,0,0,1,0,0,0,00:00.0,2018,6,2,26,29,1,Red Meat,80
202,JFK,2.01806E+11,KDX,C,Lunch,28,2,5,43,2,,2,21,57,,2,18,42,10,3,5,0,0,1,0,0,0,0,00:00.0,2018,6,2,26,29,1,Seafood,80
5,DXB,2.01806E+11,BLH,C,Lunch,20,1,11,24,6,15,4,26,47,,2,,22,23,8,22,1,0,0,0,0,0,0,45:00.0,2018,6,2,26,30,1,Red Meat,77
5,DXB,2.01806E+11,BLH,C,Lunch,20,1,11,24,6,15,4,26,47,,2,,22,23,8,22,1,0,0,0,0,0,0,45:00.0,2018,6,2,26,30,1,Seafood,77
5,DXB,2.01806E+11,BLH,C,Lunch,20,1,11,24,6,15,4,26,47,,2,,22,23,8,22,1,0,0,0,0,0,0,45:00.0,2018,6,2,26,30,1,Poultry,77
45,DXB,2.01806E+11,BFR,C,Lunch,9,7,4,23,4,4,5,21,25,,1,2,24,11,9,4,1,0,0,0,0,0,0,25:00.0,2018,6,2,26,26,1,Seafood,49
45,DXB,2.01806E+11,BFR,C,Lunch,9,7,4,23,4,4,5,21,25,,1,2,24,11,9,4,1,0,0,0,0,0,0,25:00.0,2018,6,2,26,26,1,Poultry,49
45,DXB,2.01806E+11,BFR,C,Lunch,9,7,4,23,4,4,5,21,25,,1,2,24,11,9,4,1,0,0,0,0,0,0,25:00.0,2018,6,2,26,26,1,Red Meat,49
1,DXB,2.01806E+11,BLH,C,Lunch,34,1,10,52,,5,,31,71,,19,3,29,22,19,10,1,0,0,0,0,0,0,45:00.0,2018,6,2,25,24,1,Poultry,101
1,DXB,2.01806E+11,BLH,C,Lunch,34,1,10,52,,5,,31,71,,19,3,29,22,19,10,1,0,0,0,0,0,0,45:00.0,2018,6,2,25,24,1,Red Meat,101
1,DXB,2.01806E+11,BLH,C,Lunch,34,1,10,52,,5,,31,71,,19,3,29,22,19,10,1,0,0,0,0,0,0,45:00.0,2018,6,2,25,24,1,Seafood,101
1,DXB,2.01806E+11,BLH,C,Lunch,19,4,18,38,3,9,4,35,52,,9,1,25,19,28,9,1,0,0,0,0,0,0,45:00.0,2018,6,2,26,25,1,Seafood,91
1,DXB,2.01806E+11,BLH,C,Lunch,19,4,18,38,3,9,4,35,52,,9,1,25,19,28,9,1,0,0,0,0,0,0,45:00.0,2018,6,2,26,25,1,Red Meat,91
1,DXB,2.01806E+11,BLH,C,Lunch,19,4,18,38,3,9,4,35,52,,9,1,25,19,28,9,1,0,0,0,0,0,0,45:00.0,2018,6,2,26,25,1,Poultry,91
87,DXB,2.01806E+11,BZR,C,Lunch,9,5,6,31,2,2,4,19,32,,,9,28,14,2,2,1,0,0,0,0,0,0,40:00.0,2018,6,2,26,25,1,Poultry,54
87,DXB,2.01806E+11,BZR,C,Lunch,9,5,6,31,2,2,4,19,32,,,9,28,14,2,2,1,0,0,0,0,0,0,40:00.0,2018,6,2,26,25,1,Red Meat,54
87,DXB,2.01806E+11,BZR,C,Lunch,9,5,6,31,2,2,4,19,32,,,9,28,14,2,2,1,0,0,0,0,0,0,40:00.0,2018,6,2,26,25,1,Seafood,54
773,CPT,2.01806E+11,TDX,A,Lunch,8,2,10,21,2,4,1,15,31,,17,5,3,17,1,4,1,0,0,0,0,0,0,05:00.0,2018,6,2,25,24,1,Poultry,46
773,CPT,2.01806E+11,TDX,A,Lunch,8,2,10,21,2,4,1,15,31,,17,5,3,17,1,4,1,0,0,0,0,0,0,05:00.0,2018,6,2,25,24,1,Seafood,46
773,CPT,2.01806E+11,TDX,A,Lunch,8,2,10,21,2,4,1,15,31,,17,5,3,17,1,4,1,0,0,0,0,0,0,05:00.0,2018,6,2,25,24,1,Red Meat,46
50,MUC,2.01806E+11,CDX,C,Lunch,20,,11,41,2,1,,14,61,,1,4,15,53,,2,0,0,0,1,0,0,0,40:00.0,2018,6,2,25,24,1,Red Meat,75
50,MUC,2.01806E+11,CDX,C,Lunch,20,,11,41,2,1,,14,61,,1,4,15,53,,2,1,0,0,0,0,0,0,40:00.0,2018,6,2,25,24,1,Poultry,75
50,MUC,2.01806E+11,CDX,C,Lunch,20,,11,41,2,1,,14,61,,1,4,15,53,,2,1,0,0,0,0,0,0,40:00.0,2018,6,2,25,24,1,Seafood,75
407,MEL,2.01806E+11,LDX,A,Dinner,5,5,16,28,1,22,8,25,44,,1,2,2,12,30,30,1,0,0,0,0,0,0,25:00.0,2018,6,2,26,30,1,Red Meat,77
407,MEL,2.01806E+11,LDX,A,Dinner,5,5,16,28,1,22,8,25,44,,1,2,2,12,30,30,0,0,0,1,0,0,0,25:00.0,2018,6,2,26,30,1,Poultry,77
407,MEL,2.01806E+11,LDX,A,Dinner,5,5,16,28,1,22,8,25,44,,1,2,2,12,30,30,0,0,0,1,0,0,0,25:00.0,2018,6,2,26,30,1,Seafood,77
4,LHR,2.01806E+11,RDX,C,Dinner,19,,14,32,3,5,,23,50,,9,4,21,12,20,7,1,0,0,0,0,0,0,40:00.0,2018,6,2,26,29,1,Seafood,73
4,LHR,2.01806E+11,RDX,C,Dinner,19,,14,32,3,5,,23,50,,9,4,21,12,20,7,1,0,0,0,0,0,0,40:00.0,2018,6,2,26,29,1,Poultry,73
4,LHR,2.01806E+11,RDX,C,Dinner,19,,14,32,3,5,,23,50,,9,4,21,12,20,7,1,0,0,0,0,0,0,40:00.0,2018,6,2,26,29,1,Red Meat,73
32,LHR,2.01806E+11,RDX,C,Dinner,29,4,5,31,2,7,2,25,51,,7,4,36,21,3,7,1,0,0,0,0,0,0,50:00.0,2018,6,2,26,27,1,Red Meat,76
32,LHR,2.01806E+11,RDX,C,Dinner,29,4,5,31,2,7,2,25,51,,7,4,36,21,3,7,1,0,0,0,0,0,0,50:00.0,2018,6,2,26,27,1,Seafood,76
32,LHR,2.01806E+11,RDX,C,Dinner,29,4,5,31,2,7,2,25,51,,7,4,36,21,3,7,1,0,0,0,0,0,0,50:00.0,2018,6,2,26,27,1,Poultry,76
81,DXB,2.01806E+11,BLY,C,Lunch,6,1,,11,,,1,1,16,,2,,11,5,,,1,0,0,0,0,0,0,35:00.0,2018,6,2,25,24,1,Red Meat,18
81,DXB,2.01806E+11,BLY,C,Lunch,6,1,,11,,,1,1,16,,2,,11,5,,,1,0,0,0,0,0,0,35:00.0,2018,6,2,25,24,1,Poultry,18
81,DXB,2.01806E+11,BLY,C,Lunch,6,1,,11,,,1,1,16,,2,,11,5,,,1,0,0,0,0,0,0,35:00.0,2018,6,2,25,24,1,Seafood,18
8,LHR,2.01806E+11,RDX,C,Lunch,16,3,8,36,1,3,2,19,46,,,1,24,24,15,3,1,0,0,0,0,0,0,05:00.0,2018,6,2,26,29,1,Poultry,66
8,LHR,2.01806E+11,RDX,C,Lunch,16,3,8,36,1,3,2,19,46,,,1,24,24,15,3,1,0,0,0,0,0,0,05:00.0,2018,6,2,26,29,1,Seafood,66
8,LHR,2.01806E+11,RDX,C,Lunch,16,3,8,36,1,3,2,19,46,,,1,24,24,15,3,1,0,0,0,0,0,0,05:00.0,2018,6,2,26,29,1,Red Meat,66
46,FRA,2.01806E+11,ADX,C,Lunch,14,2,1,20,1,2,2,11,27,,,,9,26,3,2,1,0,0,0,0,0,0,15:00.0,2018,6,2,26,26,1,Seafood,40
46,FRA,2.01806E+11,ADX,C,Lunch,14,2,1,20,1,2,2,11,27,,,,9,26,3,2,0,0,0,1,0,0,0,15:00.0,2018,6,2,26,26,1,Red Meat,40
46,FRA,2.01806E+11,ADX,C,Lunch,14,2,1,20,1,2,2,11,27,,,,9,26,3,2,1,0,0,0,0,0,0,15:00.0,2018,6,2,26,26,1,Poultry,40
8,LHR,2.01806E+11,RDX,C,Lunch,17,1,19,27,3,3,1,26,43,,2,1,25,27,11,4,1,0,0,0,0,0,0,05:00.0,2018,6,2,26,27,1,Seafood,70
8,LHR,2.01806E+11,RDX,C,Lunch,17,1,19,27,3,3,1,26,43,,2,1,25,27,11,4,1,0,0,0,0,0,0,05:00.0,2018,6,2,26,27,1,Poultry,70
8,LHR,2.01806E+11,RDX,C,Lunch,17,1,19,27,3,3,1,26,43,,2,1,25,27,11,4,1,0,0,0,0,0,0,05:00.0,2018,6,2,26,27,1,Red Meat,70
31,DXB,2.01806E+11,BLH,C,Lunch,19,3,16,40,1,15,3,33,58,,5,4,31,35,3,16,1,0,0,0,0,0,0,25:00.0,2018,6,2,26,29,1,Poultry,94
31,DXB,2.01806E+11,BLH,C,Lunch,19,3,16,40,1,15,3,33,58,,5,4,31,35,3,16,1,0,0,0,0,0,0,25:00.0,2018,6,2,26,29,1,Red Meat,94
31,DXB,2.01806E+11,BLH,C,Lunch,19,3,16,40,1,15,3,33,58,,5,4,31,35,3,16,1,0,0,0,0,0,0,25:00.0,2018,6,2,26,29,1,Seafood,94
45,DXB,2.01806E+11,BFR,C,Lunch,7,4,9,25,1,7,4,12,37,,,3,14,22,7,7,1,0,0,0,0,0,0,25:00.0,2018,6,2,26,28,1,Red Meat,53
45,DXB,2.01806E+11,BFR,C,Lunch,7,4,9,25,1,7,4,12,37,,,3,14,22,7,7,1,0,0,0,0,0,0,25:00.0,2018,6,2,26,28,1,Poultry,53
45,DXB,2.01806E+11,BFR,C,Lunch,7,4,9,25,1,7,4,12,37,,,3,14,22,7,7,1,0,0,0,0,0,0,25:00.0,2018,6,2,26,28,1,Seafood,53
74,CDG,2.01806E+11,GDX,C,Lunch,26,4,18,39,2,5,3,27,64,,10,2,36,32,7,7,1,0,0,0,0,0,0,35:00.0,2018,6,2,26,26,1,Red Meat,93
74,CDG,2.01806E+11,GDX,C,Lunch,26,4,18,39,2,5,3,27,64,,10,2,36,32,7,7,1,0,0,0,0,0,0,35:00.0,2018,6,2,26,26,1,Poultry,93
74,CDG,2.01806E+11,GDX,C,Lunch,26,4,18,39,2,5,3,27,64,,10,2,36,32,7,7,0,0,0,1,0,0,0,35:00.0,2018,6,2,26,26,1,Seafood,93
307,PEK,2.01806E+11,KDX,A,Dinner,17,1,7,53,1,3,1,21,60,,18,4,55,1,1,3,0,0,0,0,0,1,0,40:00.0,2018,6,2,26,26,1,Poultry,82
307,PEK,2.01806E+11,KDX,A,Dinner,17,1,7,53,1,3,1,21,60,,18,4,55,1,1,3,0,0,0,1,0,0,0,40:00.0,2018,6,2,26,26,1,Seafood,82
307,PEK,2.01806E+11,KDX,A,Dinner,17,1,7,53,1,3,1,21,60,,18,4,55,1,1,3,0,0,0,1,0,0,0,40:00.0,2018,6,2,26,26,1,Red Meat,82
74,CDG,2.01806E+11,GDX,C,Lunch,25,1,16,40,2,6,,34,56,,7,2,20,45,10,6,1,0,0,0,0,0,0,35:00.0,2018,6,2,26,25,1,Red Meat,90
74,CDG,2.01806E+11,GDX,C,Lunch,25,1,16,40,2,6,,34,56,,7,2,20,45,10,6,1,0,0,0,0,0,0,35:00.0,2018,6,2,26,25,1,Poultry,90
74,CDG,2.01806E+11,GDX,C,Lunch,25,1,16,40,2,6,,34,56,,7,2,20,45,10,6,0,0,0,1,0,0,0,35:00.0,2018,6,2,26,25,1,Seafood,90
773,CPT,2.01806E+11,TDX,A,Lunch,12,,4,15,4,,,19,16,,8,14,4,9,,,1,0,0,0,0,0,0,05:00.0,2018,6,2,26,26,1,Seafood,35
773,CPT,2.01806E+11,TDX,A,Lunch,12,,4,15,4,,,19,16,,8,14,4,9,,,1,0,0,0,0,0,0,05:00.0,2018,6,2,26,26,1,Red Meat,35
773,CPT,2.01806E+11,TDX,A,Lunch,12,,4,15,4,,,19,16,,8,14,4,9,,,1,0,0,0,0,0,0,05:00.0,2018,6,2,26,26,1,Poultry,35
49,DXB,2.01806E+11,BMU,C,Lunch,24,3,7,32,5,11,2,31,49,,1,2,46,20,2,11,1,0,0,0,0,0,0,50:00.0,2018,6,2,26,25,1,Red Meat,81
49,DXB,2.01806E+11,BMU,C,Lunch,24,3,7,32,5,11,2,31,49,,1,2,46,20,2,11,1,0,0,0,0,0,0,50:00.0,2018,6,2,26,25,1,Poultry,81
49,DXB,2.01806E+11,BMU,C,Lunch,24,3,7,32,5,11,2,31,49,,1,2,46,20,2,11,1,0,0,0,0,0,0,50:00.0,2018,6,2,26,25,1,Seafood,81
2,LHR,2.01806E+11,RDX,C,Lunch,21,2,8,30,2,7,2,27,41,,3,5,29,20,5,8,1,0,0,0,0,0,0,20:00.0,2018,6,2,26,30,1,Red Meat,70
2,LHR,2.01806E+11,RDX,C,Lunch,21,2,8,30,2,7,2,27,41,,3,5,29,20,5,8,1,0,0,0,0,0,0,20:00.0,2018,6,2,26,30,1,Poultry,70
2,LHR,2.01806E+11,RDX,C,Lunch,21,2,8,30,2,7,2,27,41,,3,5,29,20,5,8,1,0,0,0,0,0,0,20:00.0,2018,6,2,26,30,1,Seafood,70
6,LHR,2.01807E+11,RDX,D,Dinner,15,1,7,40,3,9,1,21,53,,5,2,17,27,12,12,0,0,0,0,1,0,0,15:00.0,2018,7,3,26,1,1,Poultry,75
6,LHR,2.01807E+11,RDX,D,Dinner,15,1,7,40,3,9,1,21,53,,5,2,17,27,12,12,0,0,0,0,0,0,1,15:00.0,2018,7,3,26,1,1,Seafood,75
6,LHR,2.01807E+11,RDX,D,Dinner,15,1,7,40,3,9,1,21,53,,5,2,17,27,12,12,1,0,0,0,0,0,0,15:00.0,2018,7,3,26,1,1,Red Meat,75
6,LHR,2.01807E+11,RDX,D,Dinner,15,1,7,40,3,9,1,21,53,,5,2,17,27,12,12,1,0,0,0,0,0,0,15:00.0,2018,7,3,26,1,1,Poultry,75
1,DXB,2.01806E+11,BLH,C,Lunch,15,10,11,44,6,14,9,38,53,,7,3,18,36,22,14,1,0,0,0,0,0,0,45:00.0,2018,6,2,26,29,1,Seafood,99
1,DXB,2.01806E+11,BLH,C,Lunch,15,10,11,44,6,14,9,38,53,,7,3,18,36,22,14,1,0,0,0,0,0,0,45:00.0,2018,6,2,26,29,1,Red Meat,99
1,DXB,2.01806E+11,BLH,C,Lunch,15,10,11,44,6,14,9,38,53,,7,3,18,36,22,14,1,0,0,0,0,0,0,45:00.0,2018,6,2,26,29,1,Poultry,99
87,DXB,2.01806E+11,BZR,C,Lunch,17,6,6,21,2,13,9,22,34,,3,6,15,22,4,15,1,0,0,0,0,0,0,40:00.0,2018,6,2,26,30,1,Poultry,65
87,DXB,2.01806E+11,BZR,C,Lunch,17,6,6,21,2,13,9,22,34,,3,6,15,22,4,15,1,0,0,0,0,0,0,40:00.0,2018,6,2,26,30,1,Red Meat,65
87,DXB,2.01806E+11,BZR,C,Lunch,17,6,6,21,2,13,9,22,34,,3,6,15,22,4,15,1,0,0,0,0,0,0,40:00.0,2018,6,2,26,30,1,Seafood,65
3,DXB,2.01806E+11,BLH,C,Lunch,14,3,13,22,8,15,4,34,37,,4,2,17,23,4,25,1,0,0,0,0,0,0,15:00.0,2018,6,2,26,30,1,Poultry,75
3,DXB,2.01806E+11,BLH,C,Lunch,14,3,13,22,8,15,4,34,37,,4,2,17,23,4,25,1,0,0,0,0,0,0,15:00.0,2018,6,2,26,30,1,Red Meat,75
3,DXB,2.01806E+11,BLH,C,Lunch,14,3,13,22,8,15,4,34,37,,4,2,17,23,4,25,1,0,0,0,0,0,0,15:00.0,2018,6,2,26,30,1,Seafood,75
49,DXB,2.01806E+11,BMU,C,Lunch,29,4,11,36,7,5,4,32,56,,2,1,32,51,1,5,1,0,0,0,0,0,0,50:00.0,2018,6,2,26,29,1,Red Meat,92
49,DXB,2.01806E+11,BMU,C,Lunch,29,4,11,36,7,5,4,32,56,,2,1,32,51,1,5,1,0,0,0,0,0,0,50:00.0,2018,6,2,26,29,1,Poultry,92
49,DXB,2.01806E+11,BMU,C,Lunch,29,4,11,36,7,5,4,32,56,,2,1,32,51,1,5,1,0,0,0,0,0,0,50:00.0,2018,6,2,26,29,1,Seafood,92
45,DXB,2.01806E+11,BFR,C,Lunch,12,1,21,25,4,6,2,29,38,,3,8,21,15,16,6,1,0,0,0,0,0,0,25:00.0,2018,6,2,26,25,1,Red Meat,69
45,DXB,2.01806E+11,BFR,C,Lunch,12,1,21,25,4,6,2,29,38,,3,8,21,15,16,6,1,0,0,0,0,0,0,25:00.0,2018,6,2,26,25,1,Seafood,69
45,DXB,2.01806E+11,BFR,C,Lunch,12,1,21,25,4,6,2,29,38,,3,8,21,15,16,6,1,0,0,0,0,0,0,25:00.0,2018,6,2,26,25,1,Poultry,69
140,PRG,2.01806E+11,GDX,C,Lunch,14,7,9,19,3,4,7,13,36,,3,,27,12,10,4,1,0,0,0,0,0,0,55:00.0,2018,6,2,26,25,1,Red Meat,56
140,PRG,2.01806E+11,GDX,C,Lunch,14,7,9,19,3,4,7,13,36,,3,,27,12,10,4,1,0,0,0,0,0,0,55:00.0,2018,6,2,26,25,1,Poultry,56
140,PRG,2.01806E+11,GDX,C,Lunch,14,7,9,19,3,4,7,13,36,,3,,27,12,10,4,0,0,0,1,0,0,0,55:00.0,2018,6,2,26,25,1,Seafood,56
4,LHR,2.01806E+11,RDX,C,Dinner,22,1,14,38,2,,1,23,53,,14,2,22,36,3,,1,0,0,0,0,0,0,40:00.0,2018,6,2,25,24,1,Seafood,77
4,LHR,2.01806E+11,RDX,C,Dinner,22,1,14,38,2,,1,23,53,,14,2,22,36,3,,1,0,0,0,0,0,0,40:00.0,2018,6,2,25,24,1,Red Meat,77
4,LHR,2.01806E+11,RDX,C,Dinner,22,1,14,38,2,,1,23,53,,14,2,22,36,3,,1,0,0,0,0,0,0,40:00.0,2018,6,2,25,24,1,Poultry,77
2,LHR,2.01806E+11,RDX,C,Lunch,11,1,19,29,1,13,2,28,44,,,1,28,12,17,16,1,0,0,0,0,0,0,20:00.0,2018,6,2,26,29,1,Red Meat,74
2,LHR,2.01806E+11,RDX,C,Lunch,11,1,19,29,1,13,2,28,44,,,1,28,12,17,16,1,0,0,0,0,0,0,20:00.0,2018,6,2,26,29,1,Seafood,74
2,LHR,2.01806E+11,RDX,C,Lunch,11,1,19,29,1,13,2,28,44,,,1,28,12,17,16,1,0,0,0,0,0,0,20:00.0,2018,6,2,26,29,1,Poultry,74
30,LHR,2.01806E+11,RDX,C,Lunch,26,3,9,28,3,8,2,23,52,,8,2,41,17,,9,1,0,0,0,0,0,0,55:00.0,2018,6,2,26,30,1,Poultry,76
30,LHR,2.01806E+11,RDX,C,Lunch,26,3,9,28,3,8,2,23,52,,8,2,41,17,,9,1,0,0,0,0,0,0,55:00.0,2018,6,2,26,30,1,Seafood,76
30,LHR,2.01806E+11,RDX,C,Lunch,26,3,9,28,3,8,2,23,52,,8,2,41,17,,9,1,0,0,0,0,0,0,55:00.0,2018,6,2,26,30,1,Red Meat,76
8,LHR,2.01807E+11,RDX,D,Lunch,15,3,18,27,,10,4,20,49,,4,4,12,18,15,20,0,0,0,0,1,0,0,05:00.0,2018,7,3,26,1,1,Poultry,73
8,LHR,2.01807E+11,RDX,D,Lunch,15,3,18,27,,10,4,20,49,,4,4,12,18,15,20,1,0,0,0,0,0,0,05:00.0,2018,7,3,26,1,1,Red Meat,73
8,LHR,2.01807E+11,RDX,D,Lunch,15,3,18,27,,10,4,20,49,,4,4,12,18,15,20,1,0,0,0,0,0,0,05:00.0,2018,7,3,26,1,1,Poultry,73
8,LHR,2.01807E+11,RDX,D,Lunch,15,3,18,27,,10,4,20,49,,4,4,12,18,15,20,0,0,0,0,0,0,1,05:00.0,2018,7,3,26,1,1,Seafood,73
405,MEL,2.01806E+11,LSI,A,Lunch,20,4,28,31,3,12,4,37,57,,,2,8,12,64,12,0,0,0,1,0,0,0,00:00.0,2018,6,2,26,25,1,Poultry,98
405,MEL,2.01806E+11,LSI,A,Lunch,20,4,28,31,3,12,4,37,57,,,2,8,12,64,12,0,0,0,1,0,0,0,00:00.0,2018,6,2,26,25,1,Seafood,98
405,MEL,2.01806E+11,LSI,A,Lunch,20,4,28,31,3,12,4,37,57,,,2,8,12,64,12,1,0,0,0,0,0,0,00:00.0,2018,6,2,26,25,1,Red Meat,98
407,MEL,2.01806E+11,LDX,A,Dinner,17,3,20,38,6,,3,39,42,,,7,2,5,70,,0,0,0,1,0,0,0,25:00.0,2018,6,2,25,24,1,Poultry,84
407,MEL,2.01806E+11,LDX,A,Dinner,17,3,20,38,6,,3,39,42,,,7,2,5,70,,1,0,0,0,0,0,0,25:00.0,2018,6,2,25,24,1,Red Meat,84
407,MEL,2.01806E+11,LDX,A,Dinner,17,3,20,38,6,,3,39,42,,,7,2,5,70,,0,0,0,1,0,0,0,25:00.0,2018,6,2,25,24,1,Seafood,84
49,DXB,2.01806E+11,BMU,C,Lunch,12,3,5,38,3,2,3,20,40,,2,3,21,23,12,2,1,0,0,0,0,0,0,50:00.0,2018,6,2,26,27,1,Seafood,63
49,DXB,2.01806E+11,BMU,C,Lunch,12,3,5,38,3,2,3,20,40,,2,3,21,23,12,2,1,0,0,0,0,0,0,50:00.0,2018,6,2,26,27,1,Red Meat,63
49,DXB,2.01806E+11,BMU,C,Lunch,12,3,5,38,3,2,3,20,40,,2,3,21,23,12,2,1,0,0,0,0,0,0,50:00.0,2018,6,2,26,27,1,Poultry,63
49,DXB,2.01806E+11,BMU,C,Lunch,16,8,1,34,3,8,10,19,41,,,1,20,40,,9,1,0,0,0,0,0,0,50:00.0,2018,6,2,26,30,1,Seafood,70
49,DXB,2.01806E+11,BMU,C,Lunch,16,8,1,34,3,8,10,19,41,,,1,20,40,,9,1,0,0,0,0,0,0,50:00.0,2018,6,2,26,30,1,Red Meat,70
49,DXB,2.01806E+11,BMU,C,Lunch,16,8,1,34,3,8,10,19,41,,,1,20,40,,9,1,0,0,0,0,0,0,50:00.0,2018,6,2,26,30,1,Poultry,70
30,LHR,2.01806E+11,RDX,C,Lunch,34,4,15,21,,3,4,26,47,,4,4,42,18,4,5,1,0,0,0,0,0,0,55:00.0,2018,6,2,26,29,1,Red Meat,77
30,LHR,2.01806E+11,RDX,C,Lunch,34,4,15,21,,3,4,26,47,,4,4,42,18,4,5,1,0,0,0,0,0,0,55:00.0,2018,6,2,26,29,1,Seafood,77
30,LHR,2.01806E+11,RDX,C,Lunch,34,4,15,21,,3,4,26,47,,4,4,42,18,4,5,1,0,0,0,0,0,0,55:00.0,2018,6,2,26,29,1,Poultry,77
88,ZRH,2.01806E+11,HDX,C,Lunch,12,1,10,10,1,,1,11,22,,1,,12,12,9,,1,0,0,0,0,0,0,25:00.0,2018,6,2,26,27,1,Seafood,34
88,ZRH,2.01806E+11,HDX,C,Lunch,12,1,10,10,1,,1,11,22,,1,,12,12,9,,1,0,0,0,0,0,0,25:00.0,2018,6,2,26,27,1,Poultry,34
88,ZRH,2.01806E+11,HDX,C,Lunch,12,1,10,10,1,,1,11,22,,1,,12,12,9,,1,0,0,0,0,0,0,25:00.0,2018,6,2,26,27,1,Red Meat,34
704,MRU,2.01806E+11,UDX,C,Dinner,12,2,2,13,2,,2,9,20,,5,,4,22,,,1,0,0,0,0,0,0,50:00.0,2018,6,2,26,27,1,Seafood,31
704,MRU,2.01806E+11,UDX,C,Dinner,12,2,2,13,2,,2,9,20,,5,,4,22,,,1,0,0,0,0,0,0,50:00.0,2018,6,2,26,27,1,Red Meat,31
704,MRU,2.01806E+11,UDX,C,Dinner,12,2,2,13,2,,2,9,20,,5,,4,22,,,1,0,0,0,0,0,0,50:00.0,2018,6,2,26,27,1,Poultry,31
773,CPT,2.01806E+11,TDX,A,Lunch,9,3,4,16,4,1,2,9,26,,9,5,15,6,1,1,1,0,0,0,0,0,0,05:00.0,2018,6,2,26,27,1,Seafood,36
773,CPT,2.01806E+11,TDX,A,Lunch,9,3,4,16,4,1,2,9,26,,9,5,15,6,1,1,1,0,0,0,0,0,0,05:00.0,2018,6,2,26,27,1,Poultry,36
773,CPT,2.01806E+11,TDX,A,Lunch,9,3,4,16,4,1,2,9,26,,9,5,15,6,1,1,1,0,0,0,0,0,0,05:00.0,2018,6,2,26,27,1,Red Meat,36
88,ZRH,2.01806E+11,HDX,C,Lunch,11,3,3,23,,2,2,13,27,,,,13,23,3,3,1,0,0,0,0,0,0,25:00.0,2018,6,2,25,24,1,Poultry,41
88,ZRH,2.01806E+11,HDX,C,Lunch,11,3,3,23,,2,2,13,27,,,,13,23,3,3,1,0,0,0,0,0,0,25:00.0,2018,6,2,25,24,1,Red Meat,41
88,ZRH,2.01806E+11,HDX,C,Lunch,11,3,3,23,,2,2,13,27,,,,13,23,3,3,1,0,0,0,0,0,0,25:00.0,2018,6,2,25,24,1,Seafood,41
74,CDG,2.01806E+11,GDX,C,Lunch,19,,4,47,,7,,23,54,,4,,47,11,7,8,0,0,0,1,0,0,0,35:00.0,2018,6,2,26,29,1,Seafood,77
74,CDG,2.01806E+11,GDX,C,Lunch,19,,4,47,,7,,23,54,,4,,47,11,7,8,1,0,0,0,0,0,0,35:00.0,2018,6,2,26,29,1,Red Meat,77
74,CDG,2.01806E+11,GDX,C,Lunch,19,,4,47,,7,,23,54,,4,,47,11,7,8,1,0,0,0,0,0,0,35:00.0,2018,6,2,26,29,1,Poultry,77
50,MUC,2.01806E+11,CDX,C,Lunch,12,1,2,18,,6,1,12,26,,1,1,25,5,,7,1,0,0,0,0,0,0,40:00.0,2018,6,2,26,29,1,Poultry,39
50,MUC,2.01806E+11,CDX,C,Lunch,12,1,2,18,,6,1,12,26,,1,1,25,5,,7,0,0,0,1,0,0,0,40:00.0,2018,6,2,26,29,1,Red Meat,39
50,MUC,2.01806E+11,CDX,C,Lunch,12,1,2,18,,6,1,12,26,,1,1,25,5,,7,1,0,0,0,0,0,0,40:00.0,2018,6,2,26,29,1,Seafood,39
704,MRU,2.01806E+11,UDX,C,Dinner,22,8,8,19,3,2,8,15,39,,7,4,5,42,2,2,1,0,0,0,0,0,0,50:00.0,2018,6,2,26,26,1,Red Meat,62
704,MRU,2.01806E+11,UDX,C,Dinner,22,8,8,19,3,2,8,15,39,,7,4,5,42,2,2,1,0,0,0,0,0,0,50:00.0,2018,6,2,26,26,1,Seafood,62
704,MRU,2.01806E+11,UDX,C,Dinner,22,8,8,19,3,2,8,15,39,,7,4,5,42,2,2,1,0,0,0,0,0,0,50:00.0,2018,6,2,26,26,1,Poultry,62
30,LHR,2.01806E+11,RDX,C,Lunch,22,5,5,30,2,2,3,33,30,,7,1,31,23,2,2,1,0,0,0,0,0,0,55:00.0,2018,6,2,26,28,1,Poultry,64
30,LHR,2.01806E+11,RDX,C,Lunch,22,5,5,30,2,2,3,33,30,,7,1,31,23,2,2,1,0,0,0,0,0,0,55:00.0,2018,6,2,26,28,1,Seafood,64
30,LHR,2.01806E+11,RDX,C,Lunch,22,5,5,30,2,2,3,33,30,,7,1,31,23,2,2,1,0,0,0,0,0,0,55:00.0,2018,6,2,26,28,1,Red Meat,64
307,PEK,2.01806E+11,KDX,A,Dinner,20,2,10,55,,19,2,21,83,,19,1,43,21,3,19,0,0,0,0,0,1,0,40:00.0,2018,6,2,26,28,1,Poultry,106
307,PEK,2.01806E+11,KDX,A,Dinner,20,2,10,55,,19,2,21,83,,19,1,43,21,3,19,0,0,0,1,0,0,0,40:00.0,2018,6,2,26,28,1,Seafood,106
307,PEK,2.01806E+11,KDX,A,Dinner,20,2,10,55,,19,2,21,83,,19,1,43,21,3,19,0,0,0,1,0,0,0,40:00.0,2018,6,2,26,28,1,Red Meat,106
407,MEL,2.01806E+11,LDX,A,Dinner,8,4,23,40,3,,4,31,43,,,1,4,17,56,,1,0,0,0,0,0,0,25:00.0,2018,6,2,26,28,1,Red Meat,78
407,MEL,2.01806E+11,LDX,A,Dinner,8,4,23,40,3,,4,31,43,,,1,4,17,56,,0,0,0,1,0,0,0,25:00.0,2018,6,2,26,28,1,Poultry,78
407,MEL,2.01806E+11,LDX,A,Dinner,8,4,23,40,3,,4,31,43,,,1,4,17,56,,0,0,0,1,0,0,0,25:00.0,2018,6,2,26,28,1,Seafood,78
50,MUC,2.01806E+11,CDX,C,Lunch,11,2,6,20,1,13,2,19,32,,1,3,21,11,2,15,1,0,0,0,0,0,0,40:00.0,2018,6,2,26,30,1,Poultry,53
50,MUC,2.01806E+11,CDX,C,Lunch,11,2,6,20,1,13,2,19,32,,1,3,21,11,2,15,0,0,0,1,0,0,0,40:00.0,2018,6,2,26,30,1,Red Meat,53
50,MUC,2.01806E+11,CDX,C,Lunch,11,2,6,20,1,13,2,19,32,,1,3,21,11,2,15,1,0,0,0,0,0,0,40:00.0,2018,6,2,26,30,1,Seafood,53
307,PEK,2.01806E+11,KDX,A,Dinner,29,1,4,37,,2,1,22,50,,4,12,26,28,,3,0,0,0,1,0,0,0,40:00.0,2018,6,2,26,30,1,Red Meat,73
307,PEK,2.01806E+11,KDX,A,Dinner,29,1,4,37,,2,1,22,50,,4,12,26,28,,3,0,0,0,0,0,1,0,40:00.0,2018,6,2,26,30,1,Poultry,73
307,PEK,2.01806E+11,KDX,A,Dinner,29,1,4,37,,2,1,22,50,,4,12,26,28,,3,0,0,0,1,0,0,0,40:00.0,2018,6,2,26,30,1,Seafood,73
405,MEL,2.01806E+11,LSI,A,Lunch,15,5,15,40,7,7,4,32,53,,1,2,15,4,60,7,0,0,0,1,0,0,0,00:00.0,2018,6,2,25,24,1,Poultry,88
405,MEL,2.01806E+11,LSI,A,Lunch,15,5,15,40,7,7,4,32,53,,1,2,15,4,60,7,1,0,0,0,0,0,0,00:00.0,2018,6,2,25,24,1,Red Meat,88
405,MEL,2.01806E+11,LSI,A,Lunch,15,5,15,40,7,7,4,32,53,,1,2,15,4,60,7,0,0,0,1,0,0,0,00:00.0,2018,6,2,25,24,1,Seafood,88
405,MEL,2.01806E+11,LSI,A,Lunch,8,1,4,29,2,20,4,25,35,,,,,10,22,32,0,0,0,1,0,0,0,00:00.0,2018,6,2,26,29,1,Poultry,64
405,MEL,2.01806E+11,LSI,A,Lunch,8,1,4,29,2,20,4,25,35,,,,,10,22,32,1,0,0,0,0,0,0,00:00.0,2018,6,2,26,29,1,Red Meat,64
405,MEL,2.01806E+11,LSI,A,Lunch,8,1,4,29,2,20,4,25,35,,,,,10,22,32,0,0,0,1,0,0,0,00:00.0,2018,6,2,26,29,1,Seafood,64
704,MRU,2.01806E+11,UDX,C,Dinner,17,1,11,24,1,5,,21,38,,23,1,5,18,1,11,1,0,0,0,0,0,0,50:00.0,2018,6,2,26,28,1,Seafood,58
704,MRU,2.01806E+11,UDX,C,Dinner,17,1,11,24,1,5,,21,38,,23,1,5,18,1,11,1,0,0,0,0,0,0,50:00.0,2018,6,2,26,28,1,Poultry,58
704,MRU,2.01806E+11,UDX,C,Dinner,17,1,11,24,1,5,,21,38,,23,1,5,18,1,11,1,0,0,0,0,0,0,50:00.0,2018,6,2,26,28,1,Red Meat,58
29,DXB,2.01806E+11,BLH,C,Lunch,26,7,15,35,6,6,6,38,51,,12,4,24,29,20,6,1,0,0,0,0,0,0,40:00.0,2018,6,2,26,28,1,Red Meat,94
29,DXB,2.01806E+11,BLH,C,Lunch,26,7,15,35,6,6,6,38,51,,12,4,24,29,20,6,1,0,0,0,0,0,0,40:00.0,2018,6,2,26,28,1,Seafood,94
29,DXB,2.01806E+11,BLH,C,Lunch,26,7,15,35,6,6,6,38,51,,12,4,24,29,20,6,1,0,0,0,0,0,0,40:00.0,2018,6,2,26,28,1,Poultry,94
8,LHR,2.01806E+11,RDX,C,Lunch,21,1,17,45,1,10,,38,57,,1,2,20,45,16,11,1,0,0,0,0,0,0,05:00.0,2018,6,2,26,25,1,Red Meat,94
8,LHR,2.01806E+11,RDX,C,Lunch,21,1,17,45,1,10,,38,57,,1,2,20,45,16,11,1,0,0,0,0,0,0,05:00.0,2018,6,2,26,25,1,Poultry,94
8,LHR,2.01806E+11,RDX,C,Lunch,21,1,17,45,1,10,,38,57,,1,2,20,45,16,11,1,0,0,0,0,0,0,05:00.0,2018,6,2,26,25,1,Seafood,94
202,JFK,2.01806E+11,KDX,C,Lunch,21,4,4,46,5,,3,26,51,,1,30,39,8,,2,0,0,0,0,1,0,0,00:00.0,2018,6,2,25,24,1,Poultry,79
202,JFK,2.01806E+11,KDX,C,Lunch,21,4,4,46,5,,3,26,51,,1,30,39,8,,2,0,0,0,1,0,0,0,00:00.0,2018,6,2,25,24,1,Red Meat,79
202,JFK,2.01806E+11,KDX,C,Lunch,21,4,4,46,5,,3,26,51,,1,30,39,8,,2,0,0,1,0,0,0,0,00:00.0,2018,6,2,25,24,1,Seafood,79
45,DXB,2.01806E+11,BFR,C,Lunch,7,2,8,22,6,5,2,14,34,,1,1,9,25,9,5,1,0,0,0,0,0,0,25:00.0,2018,6,2,26,27,1,Poultry,50
45,DXB,2.01806E+11,BFR,C,Lunch,7,2,8,22,6,5,2,14,34,,1,1,9,25,9,5,1,0,0,0,0,0,0,25:00.0,2018,6,2,26,27,1,Seafood,50
45,DXB,2.01806E+11,BFR,C,Lunch,7,2,8,22,6,5,2,14,34,,1,1,9,25,9,5,1,0,0,0,0,0,0,25:00.0,2018,6,2,26,27,1,Red Meat,50
201,DXB,2.01806E+11,BJF,C,Lunch,28,9,8,44,6,17,8,44,60,,2,27,33,10,10,30,1,0,0,0,0,0,0,30:00.0,2018,6,2,26,29,1,Red Meat,111
201,DXB,2.01806E+11,BJF,C,Lunch,28,9,8,44,6,17,8,44,60,,2,27,33,10,10,30,1,0,0,0,0,0,0,30:00.0,2018,6,2,26,29,1,Pasta or Vegetarian,111
201,DXB,2.01806E+11,BJF,C,Lunch,28,9,8,44,6,17,8,44,60,,2,27,33,10,10,30,0,0,0,1,0,0,0,30:00.0,2018,6,2,26,29,1,Poultry,111
406,DXB,2.01806E+11,BME,C,Lunch,4,,33,33,,1,,35,36,,,1,1,6,62,1,0,0,0,1,0,0,0,15:00.0,2018,6,2,26,26,1,Seafood,71
406,DXB,2.01806E+11,BME,C,Lunch,4,,33,33,,1,,35,36,,,1,1,6,62,1,0,0,0,1,0,0,0,15:00.0,2018,6,2,26,26,1,Poultry,71
406,DXB,2.01806E+11,BME,C,Lunch,4,,33,33,,1,,35,36,,,1,1,6,62,1,1,0,0,0,0,0,0,15:00.0,2018,6,2,26,26,1,Red Meat,71
31,DXB,2.01806E+11,BLH,C,Lunch,23,3,7,26,6,14,5,29,45,,1,3,25,29,3,18,1,0,0,0,0,0,0,25:00.0,2018,6,2,26,30,1,Red Meat,79
31,DXB,2.01806E+11,BLH,C,Lunch,23,3,7,26,6,14,5,29,45,,1,3,25,29,3,18,1,0,0,0,0,0,0,25:00.0,2018,6,2,26,30,1,Poultry,79
31,DXB,2.01806E+11,BLH,C,Lunch,23,3,7,26,6,14,5,29,45,,1,3,25,29,3,18,1,0,0,0,0,0,0,25:00.0,2018,6,2,26,30,1,Seafood,79
139,DXB,2.01806E+11,BPR,C,Lunch,5,,11,16,1,2,,11,24,,,4,8,9,11,3,1,0,0,0,0,0,0,35:00.0,2018,6,2,26,27,1,Poultry,35
139,DXB,2.01806E+11,BPR,C,Lunch,5,,11,16,1,2,,11,24,,,4,8,9,11,3,1,0,0,0,0,0,0,35:00.0,2018,6,2,26,27,1,Seafood,35
139,DXB,2.01806E+11,BPR,C,Lunch,5,,11,16,1,2,,11,24,,,4,8,9,11,3,1,0,0,0,0,0,0,35:00.0,2018,6,2,26,27,1,Red Meat,35
6,LHR,2.01806E+11,RDX,C,Dinner,19,,7,27,1,7,,19,42,,5,2,16,18,13,7,1,0,0,0,0,0,0,15:00.0,2018,6,2,26,29,1,Red Meat,61
6,LHR,2.01806E+11,RDX,C,Dinner,19,,7,27,1,7,,19,42,,5,2,16,18,13,7,1,0,0,0,0,0,0,15:00.0,2018,6,2,26,29,1,Poultry,61
6,LHR,2.01806E+11,RDX,C,Dinner,19,,7,27,1,7,,19,42,,5,2,16,18,13,7,1,0,0,0,0,0,0,15:00.0,2018,6,2,26,29,1,Seafood,61
307,PEK,2.01806E+11,KDX,A,Dinner,22,2,4,57,,9,2,17,75,,8,4,66,6,1,9,0,0,0,0,0,1,0,40:00.0,2018,6,2,25,24,1,Poultry,94
307,PEK,2.01806E+11,KDX,A,Dinner,22,2,4,57,,9,2,17,75,,8,4,66,6,1,9,0,0,0,1,0,0,0,40:00.0,2018,6,2,25,24,1,Red Meat,94
307,PEK,2.01806E+11,KDX,A,Dinner,22,2,4,57,,9,2,17,75,,8,4,66,6,1,9,0,0,0,1,0,0,0,40:00.0,2018,6,2,25,24,1,Seafood,94
2,LHR,2.01807E+11,RDX,D,Lunch,12,4,14,33,3,8,3,35,36,1,,1,23,26,11,12,1,0,0,0,0,0,0,20:00.0,2018,7,3,26,1,1,Red Meat,72
2,LHR,2.01807E+11,RDX,D,Lunch,12,4,14,33,3,8,3,35,36,1,,1,23,26,11,12,0,0,0,0,1,0,0,20:00.0,2018,7,3,26,1,1,Poultry,72
2,LHR,2.01807E+11,RDX,D,Lunch,12,4,14,33,3,8,3,35,36,1,,1,23,26,11,12,1,0,0,0,0,0,0,20:00.0,2018,7,3,26,1,1,Poultry,72
2,LHR,2.01807E+11,RDX,D,Lunch,12,4,14,33,3,8,3,35,36,1,,1,23,26,11,12,0,0,0,0,0,0,1,20:00.0,2018,7,3,26,1,1,Seafood,72
3,DXB,2.01806E+11,BLH,C,Lunch,19,10,11,35,6,11,10,18,64,,,11,32,26,12,11,1,0,0,0,0,0,0,15:00.0,2018,6,2,26,27,1,Poultry,92
3,DXB,2.01806E+11,BLH,C,Lunch,19,10,11,35,6,11,10,18,64,,,11,32,26,12,11,1,0,0,0,0,0,0,15:00.0,2018,6,2,26,27,1,Seafood,92
3,DXB,2.01806E+11,BLH,C,Lunch,19,10,11,35,6,11,10,18,64,,,11,32,26,12,11,1,0,0,0,0,0,0,15:00.0,2018,6,2,26,27,1,Red Meat,92
81,DXB,2.01806E+11,BLY,C,Lunch,10,1,2,13,2,1,,8,21,,1,,10,17,,1,1,0,0,0,0,0,0,35:00.0,2018,6,2,26,27,1,Poultry,28
81,DXB,2.01806E+11,BLY,C,Lunch,10,1,2,13,2,1,,8,21,,1,,10,17,,1,1,0,0,0,0,0,0,35:00.0,2018,6,2,26,27,1,Seafood,28
81,DXB,2.01806E+11,BLY,C,Lunch,10,1,2,13,2,1,,8,21,,1,,10,17,,1,1,0,0,0,0,0,0,35:00.0,2018,6,2,26,27,1,Red Meat,28
32,LHR,2.01806E+11,RDX,C,Dinner,27,6,8,19,2,6,5,26,37,,6,4,31,14,4,9,1,0,0,0,0,0,0,50:00.0,2018,6,2,26,29,1,Red Meat,67
32,LHR,2.01806E+11,RDX,C,Dinner,27,6,8,19,2,6,5,26,37,,6,4,31,14,4,9,1,0,0,0,0,0,0,50:00.0,2018,6,2,26,29,1,Poultry,67
32,LHR,2.01806E+11,RDX,C,Dinner,27,6,8,19,2,6,5,26,37,,6,4,31,14,4,9,1,0,0,0,0,0,0,50:00.0,2018,6,2,26,29,1,Seafood,67
406,DXB,2.01806E+11,BME,C,Lunch,17,3,23,40,,,3,27,53,,2,,3,9,69,,0,0,0,1,0,0,0,15:00.0,2018,6,2,26,29,1,Poultry,83
406,DXB,2.01806E+11,BME,C,Lunch,17,3,23,40,,,3,27,53,,2,,3,9,69,,1,0,0,0,0,0,0,15:00.0,2018,6,2,26,29,1,Red Meat,83
406,DXB,2.01806E+11,BME,C,Lunch,17,3,23,40,,,3,27,53,,2,,3,9,69,,0,0,0,1,0,0,0,15:00.0,2018,6,2,26,29,1,Seafood,83
8,LHR,2.01806E+11,RDX,C,Lunch,21,3,23,33,1,3,1,35,48,,,2,19,37,23,3,1,0,0,0,0,0,0,05:00.0,2018,6,2,26,28,1,Seafood,82
8,LHR,2.01806E+11,RDX,C,Lunch,21,3,23,33,1,3,1,35,48,,,2,19,37,23,3,1,0,0,0,0,0,0,05:00.0,2018,6,2,26,28,1,Red Meat,82
8,LHR,2.01806E+11,RDX,C,Lunch,21,3,23,33,1,3,1,35,48,,,2,19,37,23,3,1,0,0,0,0,0,0,05:00.0,2018,6,2,26,28,1,Poultry,82
32,LHR,2.01806E+11,RDX,C,Dinner,33,7,12,43,,,7,30,58,,3,5,36,47,4,,1,0,0,0,0,0,0,50:00.0,2018,6,2,26,25,1,Poultry,95
32,LHR,2.01806E+11,RDX,C,Dinner,33,7,12,43,,,7,30,58,,3,5,36,47,4,,1,0,0,0,0,0,0,50:00.0,2018,6,2,26,25,1,Red Meat,95
32,LHR,2.01806E+11,RDX,C,Dinner,33,7,12,43,,,7,30,58,,3,5,36,47,4,,1,0,0,0,0,0,0,50:00.0,2018,6,2,26,25,1,Seafood,95
1,DXB,2.01806E+11,BLH,C,Lunch,26,4,26,32,1,16,3,37,65,,13,3,16,38,18,17,1,0,0,0,0,0,0,45:00.0,2018,6,2,26,27,1,Seafood,103
1,DXB,2.01806E+11,BLH,C,Lunch,26,4,26,32,1,16,3,37,65,,13,3,16,38,18,17,1,0,0,0,0,0,0,45:00.0,2018,6,2,26,27,1,Poultry,103
1,DXB,2.01806E+11,BLH,C,Lunch,26,4,26,32,1,16,3,37,65,,13,3,16,38,18,17,1,0,0,0,0,0,0,45:00.0,2018,6,2,26,27,1,Red Meat,103
4,LHR,2.01806E+11,RDX,C,Dinner,19,2,14,29,2,5,1,32,38,,3,3,33,17,7,8,1,0,0,0,0,0,0,40:00.0,2018,6,2,26,30,1,Seafood,70
4,LHR,2.01806E+11,RDX,C,Dinner,19,2,14,29,2,5,1,32,38,,3,3,33,17,7,8,1,0,0,0,0,0,0,40:00.0,2018,6,2,26,30,1,Poultry,70
4,LHR,2.01806E+11,RDX,C,Dinner,19,2,14,29,2,5,1,32,38,,3,3,33,17,7,8,1,0,0,0,0,0,0,40:00.0,2018,6,2,26,30,1,Red Meat,70
31,DXB,2.01806E+11,BLH,C,Lunch,22,5,17,31,10,,4,34,47,,1,3,35,31,14,1,1,0,0,0,0,0,0,25:00.0,2018,6,2,26,26,1,Poultry,84
31,DXB,2.01806E+11,BLH,C,Lunch,22,5,17,31,10,,4,34,47,,1,3,35,31,14,1,1,0,0,0,0,0,0,25:00.0,2018,6,2,26,26,1,Red Meat,84
31,DXB,2.01806E+11,BLH,C,Lunch,22,5,17,31,10,,4,34,47,,1,3,35,31,14,1,1,0,0,0,0,0,0,25:00.0,2018,6,2,26,26,1,Seafood,84
140,PRG,2.01806E+11,GDX,C,Lunch,15,1,5,15,3,,1,14,24,,1,5,19,7,7,,1,0,0,0,0,0,0,55:00.0,2018,6,2,26,28,1,Poultry,39
140,PRG,2.01806E+11,GDX,C,Lunch,15,1,5,15,3,,1,14,24,,1,5,19,7,7,,0,0,0,1,0,0,0,55:00.0,2018,6,2,26,28,1,Seafood,39
140,PRG,2.01806E+11,GDX,C,Lunch,15,1,5,15,3,,1,14,24,,1,5,19,7,7,,1,0,0,0,0,0,0,55:00.0,2018,6,2,26,28,1,Red Meat,39
201,DXB,2.01806E+11,BJF,C,Lunch,24,9,8,40,8,8,9,31,57,,9,37,29,8,1,13,1,0,0,0,0,0,0,30:00.0,2018,6,2,26,25,1,Red Meat,95
201,DXB,2.01806E+11,BJF,C,Lunch,24,9,8,40,8,8,9,31,57,,9,37,29,8,1,13,1,0,0,0,0,0,0,30:00.0,2018,6,2,26,25,1,Pasta or Vegetarian,95
201,DXB,2.01806E+11,BJF,C,Lunch,24,9,8,40,8,8,9,31,57,,9,37,29,8,1,13,0,0,0,1,0,0,0,30:00.0,2018,6,2,26,25,1,Poultry,95
1,DXB,2.01806E+11,BLH,C,Lunch,15,1,15,24,,21,2,24,50,,6,2,9,23,9,27,1,0,0,0,0,0,0,45:00.0,2018,6,2,26,30,1,Red Meat,76
1,DXB,2.01806E+11,BLH,C,Lunch,15,1,15,24,,21,2,24,50,,6,2,9,23,9,27,1,0,0,0,0,0,0,45:00.0,2018,6,2,26,30,1,Seafood,76
1,DXB,2.01806E+11,BLH,C,Lunch,15,1,15,24,,21,2,24,50,,6,2,9,23,9,27,1,0,0,0,0,0,0,45:00.0,2018,6,2,26,30,1,Poultry,76
307,PEK,2.01807E+11,KDX,B,Dinner,14,1,4,47,5,1,1,10,61,,10,8,48,5,,1,0,1,0,0,0,0,0,40:00.0,2018,7,3,27,2,1,Red Meat,72
307,PEK,2.01807E+11,KDX,B,Dinner,14,1,4,47,5,1,1,10,61,,10,8,48,5,,1,0,0,0,1,0,0,0,40:00.0,2018,7,3,27,2,1,Poultry,72
307,PEK,2.01807E+11,KDX,B,Dinner,14,1,4,47,5,1,1,10,61,,10,8,48,5,,1,0,0,0,1,0,0,0,40:00.0,2018,7,3,27,2,1,Seafood,72
6,LHR,2.01806E+11,RDX,C,Dinner,18,1,28,38,3,1,1,33,55,,8,7,25,30,18,1,1,0,0,0,0,0,0,15:00.0,2018,6,2,26,25,1,Poultry,89
6,LHR,2.01806E+11,RDX,C,Dinner,18,1,28,38,3,1,1,33,55,,8,7,25,30,18,1,1,0,0,0,0,0,0,15:00.0,2018,6,2,26,25,1,Seafood,89
6,LHR,2.01806E+11,RDX,C,Dinner,18,1,28,38,3,1,1,33,55,,8,7,25,30,18,1,1,0,0,0,0,0,0,15:00.0,2018,6,2,26,25,1,Red Meat,89
8,LHR,2.01806E+11,RDX,C,Lunch,21,,14,42,,21,,27,71,,3,7,17,38,11,22,1,0,0,0,0,0,0,05:00.0,2018,6,2,25,24,1,Seafood,98
8,LHR,2.01806E+11,RDX,C,Lunch,21,,14,42,,21,,27,71,,3,7,17,38,11,22,1,0,0,0,0,0,0,05:00.0,2018,6,2,25,24,1,Red Meat,98
8,LHR,2.01806E+11,RDX,C,Lunch,21,,14,42,,21,,27,71,,3,7,17,38,11,22,1,0,0,0,0,0,0,05:00.0,2018,6,2,25,24,1,Poultry,98
140,PRG,2.01807E+11,GDX,D,Lunch,8,,2,7,1,5,,9,14,,,,11,6,1,5,0,0,0,1,0,0,0,55:00.0,2018,7,3,26,1,1,Red Meat,23
140,PRG,2.01807E+11,GDX,D,Lunch,8,,2,7,1,5,,9,14,,,,11,6,1,5,1,0,0,0,0,0,0,55:00.0,2018,7,3,26,1,1,Seafood,23
140,PRG,2.01807E+11,GDX,D,Lunch,8,,2,7,1,5,,9,14,,,,11,6,1,5,0,0,0,1,0,0,0,55:00.0,2018,7,3,26,1,1,Poultry,23
201,DXB,2.01806E+11,BJF,C,Lunch,20,7,13,34,5,12,7,40,44,,11,20,29,13,1,17,1,0,0,0,0,0,0,30:00.0,2018,6,2,26,26,1,Red Meat,91
201,DXB,2.01806E+11,BJF,C,Lunch,20,7,13,34,5,12,7,40,44,,11,20,29,13,1,17,1,0,0,0,0,0,0,30:00.0,2018,6,2,26,26,1,Pasta or Vegetarian,91
201,DXB,2.01806E+11,BJF,C,Lunch,20,7,13,34,5,12,7,40,44,,11,20,29,13,1,17,0,0,0,1,0,0,0,30:00.0,2018,6,2,26,26,1,Poultry,91
307,PEK,2.01806E+11,KDX,A,Dinner,33,,4,38,,10,,18,67,,17,7,39,12,,10,0,0,0,0,0,1,0,40:00.0,2018,6,2,26,27,1,Poultry,85
307,PEK,2.01806E+11,KDX,A,Dinner,33,,4,38,,10,,18,67,,17,7,39,12,,10,0,0,0,1,0,0,0,40:00.0,2018,6,2,26,27,1,Seafood,85
307,PEK,2.01806E+11,KDX,A,Dinner,33,,4,38,,10,,18,67,,17,7,39,12,,10,0,0,0,1,0,0,0,40:00.0,2018,6,2,26,27,1,Red Meat,85
5,DXB,2.01806E+11,BLH,C,Lunch,11,4,4,36,3,15,6,29,38,,,,14,29,8,22,1,0,0,0,0,0,0,45:00.0,2018,6,2,26,29,1,Poultry,73
5,DXB,2.01806E+11,BLH,C,Lunch,11,4,4,36,3,15,6,29,38,,,,14,29,8,22,1,0,0,0,0,0,0,45:00.0,2018,6,2,26,29,1,Red Meat,73
5,DXB,2.01806E+11,BLH,C,Lunch,11,4,4,36,3,15,6,29,38,,,,14,29,8,22,1,0,0,0,0,0,0,45:00.0,2018,6,2,26,29,1,Seafood,73
773,CPT,2.01806E+11,TDX,A,Lunch,5,4,12,17,3,,4,11,26,,15,14,4,8,,,1,0,0,0,0,0,0,05:00.0,2018,6,2,26,25,1,Poultry,41
773,CPT,2.01806E+11,TDX,A,Lunch,5,4,12,17,3,,4,11,26,,15,14,4,8,,,1,0,0,0,0,0,0,05:00.0,2018,6,2,26,25,1,Seafood,41
773,CPT,2.01806E+11,TDX,A,Lunch,5,4,12,17,3,,4,11,26,,15,14,4,8,,,1,0,0,0,0,0,0,05:00.0,2018,6,2,26,25,1,Red Meat,41
202,JFK,2.01806E+11,KDX,C,Lunch,23,3,10,43,2,,3,33,45,,2,22,50,5,2,,0,0,1,0,0,0,0,00:00.0,2018,6,2,26,27,1,Seafood,81
202,JFK,2.01806E+11,KDX,C,Lunch,23,3,10,43,2,,3,33,45,,2,22,50,5,2,,0,0,0,0,1,0,0,00:00.0,2018,6,2,26,27,1,Poultry,81
202,JFK,2.01806E+11,KDX,C,Lunch,23,3,10,43,2,,3,33,45,,2,22,50,5,2,,0,0,0,1,0,0,0,00:00.0,2018,6,2,26,27,1,Red Meat,81
32,LHR,2.01806E+11,RDX,C,Dinner,24,1,14,22,2,5,1,28,39,,8,5,26,17,7,5,1,0,0,0,0,0,0,50:00.0,2018,6,2,26,26,1,Poultry,68
32,LHR,2.01806E+11,RDX,C,Dinner,24,1,14,22,2,5,1,28,39,,8,5,26,17,7,5,1,0,0,0,0,0,0,50:00.0,2018,6,2,26,26,1,Seafood,68
32,LHR,2.01806E+11,RDX,C,Dinner,24,1,14,22,2,5,1,28,39,,8,5,26,17,7,5,1,0,0,0,0,0,0,50:00.0,2018,6,2,26,26,1,Red Meat,68
74,CDG,2.01807E+11,GDX,D,Lunch,14,1,15,34,,9,,22,51,,6,3,21,23,9,11,1,0,0,0,0,0,0,35:00.0,2018,7,3,26,1,1,Seafood,72
74,CDG,2.01807E+11,GDX,D,Lunch,14,1,15,34,,9,,22,51,,6,3,21,23,9,11,0,0,0,1,0,0,0,35:00.0,2018,7,3,26,1,1,Red Meat,72
74,CDG,2.01807E+11,GDX,D,Lunch,14,1,15,34,,9,,22,51,,6,3,21,23,9,11,1,0,0,0,0,0,0,35:00.0,2018,7,3,26,1,1,Poultry,72
307,PEK,2.01806E+11,KDX,A,Dinner,27,4,6,45,1,4,4,13,70,,10,1,63,8,1,4,0,0,0,1,0,0,0,40:00.0,2018,6,2,26,25,1,Seafood,87
307,PEK,2.01806E+11,KDX,A,Dinner,27,4,6,45,1,4,4,13,70,,10,1,63,8,1,4,0,0,0,1,0,0,0,40:00.0,2018,6,2,26,25,1,Red Meat,87
307,PEK,2.01806E+11,KDX,A,Dinner,27,4,6,45,1,4,4,13,70,,10,1,63,8,1,4,0,0,0,0,0,1,0,40:00.0,2018,6,2,26,25,1,Poultry,87
704,MRU,2.01806E+11,UDX,C,Dinner,6,9,7,14,1,7,10,14,20,,6,2,2,25,,9,1,0,0,0,0,0,0,50:00.0,2018,6,2,26,30,1,Poultry,44
704,MRU,2.01806E+11,UDX,C,Dinner,6,9,7,14,1,7,10,14,20,,6,2,2,25,,9,1,0,0,0,0,0,0,50:00.0,2018,6,2,26,30,1,Seafood,44
704,MRU,2.01806E+11,UDX,C,Dinner,6,9,7,14,1,7,10,14,20,,6,2,2,25,,9,1,0,0,0,0,0,0,50:00.0,2018,6,2,26,30,1,Red Meat,44
45,DXB,2.01806E+11,BFR,C,Lunch,20,4,7,36,5,4,4,20,52,,,3,26,35,8,4,1,0,0,0,0,0,0,25:00.0,2018,6,2,26,29,1,Red Meat,76
45,DXB,2.01806E+11,BFR,C,Lunch,20,4,7,36,5,4,4,20,52,,,3,26,35,8,4,1,0,0,0,0,0,0,25:00.0,2018,6,2,26,29,1,Seafood,76
45,DXB,2.01806E+11,BFR,C,Lunch,20,4,7,36,5,4,4,20,52,,,3,26,35,8,4,1,0,0,0,0,0,0,25:00.0,2018,6,2,26,29,1,Poultry,76
405,MEL,2.01806E+11,LSI,A,Lunch,13,6,14,31,7,12,5,36,42,,,,6,15,44,18,0,0,0,1,0,0,0,00:00.0,2018,6,2,26,30,1,Seafood,82
405,MEL,2.01806E+11,LSI,A,Lunch,13,6,14,31,7,12,5,36,42,,,,6,15,44,18,1,0,0,0,0,0,0,00:00.0,2018,6,2,26,30,1,Red Meat,82
405,MEL,2.01806E+11,LSI,A,Lunch,13,6,14,31,7,12,5,36,42,,,,6,15,44,18,0,0,0,1,0,0,0,00:00.0,2018,6,2,26,30,1,Poultry,82
8,LHR,2.01806E+11,RDX,C,Lunch,19,1,12,32,,5,,20,49,,2,7,13,26,14,7,1,0,0,0,0,0,0,05:00.0,2018,6,2,26,30,1,Poultry,68
8,LHR,2.01806E+11,RDX,C,Lunch,19,1,12,32,,5,,20,49,,2,7,13,26,14,7,1,0,0,0,0,0,0,05:00.0,2018,6,2,26,30,1,Seafood,68
8,LHR,2.01806E+11,RDX,C,Lunch,19,1,12,32,,5,,20,49,,2,7,13,26,14,7,1,0,0,0,0,0,0,05:00.0,2018,6,2,26,30,1,Red Meat,68
88,ZRH,2.01807E+11,HDX,D,Lunch,7,4,6,28,4,5,4,21,29,,1,6,22,12,5,8,1,0,0,0,0,0,0,25:00.0,2018,7,3,26,1,1,Red Meat,54
88,ZRH,2.01807E+11,HDX,D,Lunch,7,4,6,28,4,5,4,21,29,,1,6,22,12,5,8,1,0,0,0,0,0,0,25:00.0,2018,7,3,26,1,1,Poultry,54
88,ZRH,2.01807E+11,HDX,D,Lunch,7,4,6,28,4,5,4,21,29,,1,6,22,12,5,8,1,0,0,0,0,0,0,25:00.0,2018,7,3,26,1,1,Seafood,54
406,DXB,2.01806E+11,BME,C,Lunch,15,,28,44,,2,,32,57,,1,,1,11,72,4,1,0,0,0,0,0,0,15:00.0,2018,6,2,25,24,1,Red Meat,89
406,DXB,2.01806E+11,BME,C,Lunch,15,,28,44,,2,,32,57,,1,,1,11,72,4,0,0,0,1,0,0,0,15:00.0,2018,6,2,25,24,1,Poultry,89
406,DXB,2.01806E+11,BME,C,Lunch,15,,28,44,,2,,32,57,,1,,1,11,72,4,0,0,0,1,0,0,0,15:00.0,2018,6,2,25,24,1,Seafood,89
773,CPT,2.01806E+11,TDX,A,Lunch,4,,3,30,,1,,18,20,,1,5,30,,,2,1,0,0,0,0,0,0,05:00.0,2018,6,2,26,30,1,Poultry,38
773,CPT,2.01806E+11,TDX,A,Lunch,4,,3,30,,1,,18,20,,1,5,30,,,2,1,0,0,0,0,0,0,05:00.0,2018,6,2,26,30,1,Seafood,38
773,CPT,2.01806E+11,TDX,A,Lunch,4,,3,30,,1,,18,20,,1,5,30,,,2,1,0,0,0,0,0,0,05:00.0,2018,6,2,26,30,1,Red Meat,38
4,LHR,2.01807E+11,RDX,D,Dinner,12,2,7,40,3,9,3,25,45,,7,5,21,21,7,12,1,0,0,0,0,0,0,40:00.0,2018,7,3,26,1,1,Red Meat,73
4,LHR,2.01807E+11,RDX,D,Dinner,12,2,7,40,3,9,3,25,45,,7,5,21,21,7,12,0,0,0,0,1,0,0,40:00.0,2018,7,3,26,1,1,Poultry,73
4,LHR,2.01807E+11,RDX,D,Dinner,12,2,7,40,3,9,3,25,45,,7,5,21,21,7,12,0,0,0,0,0,0,1,40:00.0,2018,7,3,26,1,1,Seafood,73
4,LHR,2.01807E+11,RDX,D,Dinner,12,2,7,40,3,9,3,25,45,,7,5,21,21,7,12,1,0,0,0,0,0,0,40:00.0,2018,7,3,26,1,1,Poultry,73
6,LHR,2.01806E+11,RDX,C,Dinner,32,10,8,47,1,3,5,32,64,,12,3,32,28,21,5,1,0,0,0,0,0,0,15:00.0,2018,6,2,26,28,1,Seafood,96
6,LHR,2.01806E+11,RDX,C,Dinner,32,10,8,47,1,3,5,32,64,,12,3,32,28,21,5,1,0,0,0,0,0,0,15:00.0,2018,6,2,26,28,1,Poultry,96
6,LHR,2.01806E+11,RDX,C,Dinner,32,10,8,47,1,3,5,32,64,,12,3,32,28,21,5,1,0,0,0,0,0,0,15:00.0,2018,6,2,26,28,1,Red Meat,96
140,PRG,2.01806E+11,GDX,C,Lunch,6,1,15,16,2,8,2,22,24,,1,1,8,18,12,8,1,0,0,0,0,0,0,55:00.0,2018,6,2,26,29,1,Poultry,48
140,PRG,2.01806E+11,GDX,C,Lunch,6,1,15,16,2,8,2,22,24,,1,1,8,18,12,8,1,0,0,0,0,0,0,55:00.0,2018,6,2,26,29,1,Red Meat,48
140,PRG,2.01806E+11,GDX,C,Lunch,6,1,15,16,2,8,2,22,24,,1,1,8,18,12,8,0,0,0,1,0,0,0,55:00.0,2018,6,2,26,29,1,Seafood,48
704,MRU,2.01806E+11,UDX,C,Dinner,18,2,8,17,,1,2,10,34,,8,4,5,27,1,1,1,0,0,0,0,0,0,50:00.0,2018,6,2,26,25,1,Seafood,46
704,MRU,2.01806E+11,UDX,C,Dinner,18,2,8,17,,1,2,10,34,,8,4,5,27,1,1,1,0,0,0,0,0,0,50:00.0,2018,6,2,26,25,1,Red Meat,46
704,MRU,2.01806E+11,UDX,C,Dinner,18,2,8,17,,1,2,10,34,,8,4,5,27,1,1,1,0,0,0,0,0,0,50:00.0,2018,6,2,26,25,1,Poultry,46
49,DXB,2.01806E+11,BMU,C,Lunch,28,9,12,21,3,16,15,25,49,,1,2,29,22,15,20,1,0,0,0,0,0,0,50:00.0,2018,6,2,26,26,1,Seafood,86
49,DXB,2.01806E+11,BMU,C,Lunch,28,9,12,21,3,16,15,25,49,,1,2,29,22,15,20,1,0,0,0,0,0,0,50:00.0,2018,6,2,26,26,1,Poultry,86
49,DXB,2.01806E+11,BMU,C,Lunch,28,9,12,21,3,16,15,25,49,,1,2,29,22,15,20,1,0,0,0,0,0,0,50:00.0,2018,6,2,26,26,1,Red Meat,86
87,DXB,2.01806E+11,BZR,C,Lunch,24,5,21,32,2,4,7,38,43,,2,1,51,25,3,6,1,0,0,0,0,0,0,40:00.0,2018,6,2,26,28,1,Seafood,88
87,DXB,2.01806E+11,BZR,C,Lunch,24,5,21,32,2,4,7,38,43,,2,1,51,25,3,6,1,0,0,0,0,0,0,40:00.0,2018,6,2,26,28,1,Red Meat,88
87,DXB,2.01806E+11,BZR,C,Lunch,24,5,21,32,2,4,7,38,43,,2,1,51,25,3,6,1,0,0,0,0,0,0,40:00.0,2018,6,2,26,28,1,Poultry,88
6,LHR,2.01806E+11,RDX,C,Dinner,35,4,18,32,2,5,4,39,53,,6,8,35,27,15,5,1,0,0,0,0,0,0,15:00.0,2018,6,2,26,27,1,Red Meat,96
6,LHR,2.01806E+11,RDX,C,Dinner,35,4,18,32,2,5,4,39,53,,6,8,35,27,15,5,1,0,0,0,0,0,0,15:00.0,2018,6,2,26,27,1,Seafood,96
6,LHR,2.01806E+11,RDX,C,Dinner,35,4,18,32,2,5,4,39,53,,6,8,35,27,15,5,1,0,0,0,0,0,0,15:00.0,2018,6,2,26,27,1,Poultry,96
50,MUC,2.01806E+11,CDX,C,Lunch,9,2,5,15,,2,2,5,26,,2,,19,6,4,2,0,0,0,1,0,0,0,40:00.0,2018,6,2,26,27,1,Red Meat,33
50,MUC,2.01806E+11,CDX,C,Lunch,9,2,5,15,,2,2,5,26,,2,,19,6,4,2,1,0,0,0,0,0,0,40:00.0,2018,6,2,26,27,1,Seafood,33
50,MUC,2.01806E+11,CDX,C,Lunch,9,2,5,15,,2,2,5,26,,2,,19,6,4,2,1,0,0,0,0,0,0,40:00.0,2018,6,2,26,27,1,Poultry,33
407,MEL,2.01806E+11,LDX,A,Dinner,15,1,22,32,,1,,36,35,,,1,5,6,57,2,0,0,0,1,0,0,0,25:00.0,2018,6,2,26,25,1,Poultry,70
407,MEL,2.01806E+11,LDX,A,Dinner,15,1,22,32,,1,,36,35,,,1,5,6,57,2,1,0,0,0,0,0,0,25:00.0,2018,6,2,26,25,1,Red Meat,70
407,MEL,2.01806E+11,LDX,A,Dinner,15,1,22,32,,1,,36,35,,,1,5,6,57,2,0,0,0,1,0,0,0,25:00.0,2018,6,2,26,25,1,Seafood,70
73,DXB,2.01806E+11,BCD,C,Lunch,21,1,19,36,5,6,1,35,52,,15,1,17,27,21,7,1,0,0,0,0,0,0,20:00.0,2018,6,2,25,24,1,Red Meat,87
73,DXB,2.01806E+11,BCD,C,Lunch,21,1,19,36,5,6,1,35,52,,15,1,17,27,21,7,1,0,0,0,0,0,0,20:00.0,2018,6,2,25,24,1,Seafood,87
73,DXB,2.01806E+11,BCD,C,Lunch,21,1,19,36,5,6,1,35,52,,15,1,17,27,21,7,1,0,0,0,0,0,0,20:00.0,2018,6,2,25,24,1,Poultry,87
6,LHR,2.01806E+11,RDX,C,Dinner,29,3,21,37,,14,3,34,67,,5,1,28,27,28,15,1,0,0,0,0,0,0,15:00.0,2018,6,2,26,26,1,Seafood,104
6,LHR,2.01806E+11,RDX,C,Dinner,29,3,21,37,,14,3,34,67,,5,1,28,27,28,15,1,0,0,0,0,0,0,15:00.0,2018,6,2,26,26,1,Red Meat,104
6,LHR,2.01806E+11,RDX,C,Dinner,29,3,21,37,,14,3,34,67,,5,1,28,27,28,15,1,0,0,0,0,0,0,15:00.0,2018,6,2,26,26,1,Poultry,104
32,LHR,2.01806E+11,RDX,C,Dinner,35,7,9,39,1,6,5,28,64,,5,3,34,39,9,7,1,0,0,0,0,0,0,50:00.0,2018,6,2,25,24,1,Poultry,95
32,LHR,2.01806E+11,RDX,C,Dinner,35,7,9,39,1,6,5,28,64,,5,3,34,39,9,7,1,0,0,0,0,0,0,50:00.0,2018,6,2,25,24,1,Seafood,95
32,LHR,2.01806E+11,RDX,C,Dinner,35,7,9,39,1,6,5,28,64,,5,3,34,39,9,7,1,0,0,0,0,0,0,50:00.0,2018,6,2,25,24,1,Red Meat,95
32,LHR,2.01807E+11,RDX,D,Dinner,19,1,11,27,2,4,1,26,37,,9,7,12,23,7,6,0,0,0,0,1,0,0,50:00.0,2018,7,3,26,1,1,Poultry,64
32,LHR,2.01807E+11,RDX,D,Dinner,19,1,11,27,2,4,1,26,37,,9,7,12,23,7,6,0,0,0,0,0,0,1,50:00.0,2018,7,3,26,1,1,Seafood,64
32,LHR,2.01807E+11,RDX,D,Dinner,19,1,11,27,2,4,1,26,37,,9,7,12,23,7,6,1,0,0,0,0,0,0,50:00.0,2018,7,3,26,1,1,Red Meat,64
32,LHR,2.01807E+11,RDX,D,Dinner,19,1,11,27,2,4,1,26,37,,9,7,12,23,7,6,1,0,0,0,0,0,0,50:00.0,2018,7,3,26,1,1,Poultry,64
45,DXB,2.01806E+11,BFR,C,Lunch,20,1,13,29,1,5,1,21,47,,4,2,26,16,16,5,1,0,0,0,0,0,0,25:00.0,2018,6,2,25,24,1,Seafood,69
45,DXB,2.01806E+11,BFR,C,Lunch,20,1,13,29,1,5,1,21,47,,4,2,26,16,16,5,1,0,0,0,0,0,0,25:00.0,2018,6,2,25,24,1,Red Meat,69
45,DXB,2.01806E+11,BFR,C,Lunch,20,1,13,29,1,5,1,21,47,,4,2,26,16,16,5,1,0,0,0,0,0,0,25:00.0,2018,6,2,25,24,1,Poultry,69
32,LHR,2.01806E+11,RDX,C,Dinner,17,2,6,31,2,5,1,22,40,,8,2,20,16,8,9,1,0,0,0,0,0,0,50:00.0,2018,6,2,26,30,1,Poultry,62
32,LHR,2.01806E+11,RDX,C,Dinner,17,2,6,31,2,5,1,22,40,,8,2,20,16,8,9,1,0,0,0,0,0,0,50:00.0,2018,6,2,26,30,1,Seafood,62
32,LHR,2.01806E+11,RDX,C,Dinner,17,2,6,31,2,5,1,22,40,,8,2,20,16,8,9,1,0,0,0,0,0,0,50:00.0,2018,6,2,26,30,1,Red Meat,62
140,PRG,2.01806E+11,GDX,C,Lunch,18,4,8,13,1,,3,17,24,,1,3,24,10,6,,1,0,0,0,0,0,0,55:00.0,2018,6,2,26,27,1,Poultry,43
140,PRG,2.01806E+11,GDX,C,Lunch,18,4,8,13,1,,3,17,24,,1,3,24,10,6,,1,0,0,0,0,0,0,55:00.0,2018,6,2,26,27,1,Red Meat,43
140,PRG,2.01806E+11,GDX,C,Lunch,18,4,8,13,1,,3,17,24,,1,3,24,10,6,,0,0,0,1,0,0,0,55:00.0,2018,6,2,26,27,1,Seafood,43
3,DXB,2.01806E+11,BLH,C,Lunch,27,4,16,28,3,9,6,25,56,,2,8,36,20,10,11,1,0,0,0,0,0,0,15:00.0,2018,6,2,26,25,1,Red Meat,87
3,DXB,2.01806E+11,BLH,C,Lunch,27,4,16,28,3,9,6,25,56,,2,8,36,20,10,11,1,0,0,0,0,0,0,15:00.0,2018,6,2,26,25,1,Seafood,87
3,DXB,2.01806E+11,BLH,C,Lunch,27,4,16,28,3,9,6,25,56,,2,8,36,20,10,11,1,0,0,0,0,0,0,15:00.0,2018,6,2,26,25,1,Poultry,87
201,DXB,2.01806E+11,BJF,C,Lunch,29,4,7,45,8,8,3,25,73,,4,32,35,11,7,12,1,0,0,0,0,0,0,30:00.0,2018,6,2,25,24,1,Red Meat,100
201,DXB,2.01806E+11,BJF,C,Lunch,29,4,7,45,8,8,3,25,73,,4,32,35,11,7,12,0,0,0,1,0,0,0,30:00.0,2018,6,2,25,24,1,Poultry,100
201,DXB,2.01806E+11,BJF,C,Lunch,29,4,7,45,8,8,3,25,73,,4,32,35,11,7,12,1,0,0,0,0,0,0,30:00.0,2018,6,2,25,24,1,Pasta or Vegetarian,100
32,LHR,2.01806E+11,RDX,C,Dinner,17,4,18,32,3,2,4,28,44,,9,4,31,27,3,2,1,0,0,0,0,0,0,50:00.0,2018,6,2,26,28,1,Seafood,76
32,LHR,2.01806E+11,RDX,C,Dinner,17,4,18,32,3,2,4,28,44,,9,4,31,27,3,2,1,0,0,0,0,0,0,50:00.0,2018,6,2,26,28,1,Red Meat,76
32,LHR,2.01806E+11,RDX,C,Dinner,17,4,18,32,3,2,4,28,44,,9,4,31,27,3,2,1,0,0,0,0,0,0,50:00.0,2018,6,2,26,28,1,Poultry,76
30,LHR,2.01807E+11,RDX,D,Lunch,20,7,7,33,2,3,3,27,42,,6,3,37,19,2,5,0,0,0,0,0,0,1,55:00.0,2018,7,3,26,1,1,Seafood,68
30,LHR,2.01807E+11,RDX,D,Lunch,20,7,7,33,2,3,3,27,42,,6,3,37,19,2,5,1,0,0,0,0,0,0,55:00.0,2018,7,3,26,1,1,Red Meat,68
30,LHR,2.01807E+11,RDX,D,Lunch,20,7,7,33,2,3,3,27,42,,6,3,37,19,2,5,0,0,0,0,1,0,0,55:00.0,2018,7,3,26,1,1,Poultry,68
30,LHR,2.01807E+11,RDX,D,Lunch,20,7,7,33,2,3,3,27,42,,6,3,37,19,2,5,1,0,0,0,0,0,0,55:00.0,2018,7,3,26,1,1,Poultry,68
4,LHR,2.01806E+11,RDX,C,Dinner,25,1,24,23,1,,1,27,46,,4,2,24,37,7,,1,0,0,0,0,0,0,40:00.0,2018,6,2,26,25,1,Red Meat,74
4,LHR,2.01806E+11,RDX,C,Dinner,25,1,24,23,1,,1,27,46,,4,2,24,37,7,,1,0,0,0,0,0,0,40:00.0,2018,6,2,26,25,1,Seafood,74
4,LHR,2.01806E+11,RDX,C,Dinner,25,1,24,23,1,,1,27,46,,4,2,24,37,7,,1,0,0,0,0,0,0,40:00.0,2018,6,2,26,25,1,Poultry,74
31,DXB,2.01806E+11,BLH,C,Lunch,24,8,8,34,7,6,7,32,48,,6,7,33,28,6,7,1,0,0,0,0,0,0,25:00.0,2018,6,2,26,25,1,Poultry,87
31,DXB,2.01806E+11,BLH,C,Lunch,24,8,8,34,7,6,7,32,48,,6,7,33,28,6,7,1,0,0,0,0,0,0,25:00.0,2018,6,2,26,25,1,Red Meat,87
31,DXB,2.01806E+11,BLH,C,Lunch,24,8,8,34,7,6,7,32,48,,6,7,33,28,6,7,1,0,0,0,0,0,0,25:00.0,2018,6,2,26,25,1,Seafood,87
30,LHR,2.01806E+11,RDX,C,Lunch,23,5,5,18,1,,4,17,31,,12,1,19,19,,1,1,0,0,0,0,0,0,55:00.0,2018,6,2,26,26,1,Seafood,51
30,LHR,2.01806E+11,RDX,C,Lunch,23,5,5,18,1,,4,17,31,,12,1,19,19,,1,1,0,0,0,0,0,0,55:00.0,2018,6,2,26,26,1,Red Meat,51
30,LHR,2.01806E+11,RDX,C,Lunch,23,5,5,18,1,,4,17,31,,12,1,19,19,,1,1,0,0,0,0,0,0,55:00.0,2018,6,2,26,26,1,Poultry,51
3,DXB,2.01806E+11,BLH,C,Lunch,27,5,14,41,6,7,3,40,57,,4,7,37,28,15,9,1,0,0,0,0,0,0,15:00.0,2018,6,2,26,26,1,Red Meat,98
3,DXB,2.01806E+11,BLH,C,Lunch,27,5,14,41,6,7,3,40,57,,4,7,37,28,15,9,1,0,0,0,0,0,0,15:00.0,2018,6,2,26,26,1,Poultry,98
3,DXB,2.01806E+11,BLH,C,Lunch,27,5,14,41,6,7,3,40,57,,4,7,37,28,15,9,1,0,0,0,0,0,0,15:00.0,2018,6,2,26,26,1,Seafood,98
6,LHR,2.01806E+11,RDX,C,Dinner,14,3,12,31,,12,3,22,47,,8,1,16,17,13,17,1,0,0,0,0,0,0,15:00.0,2018,6,2,26,30,1,Red Meat,72
6,LHR,2.01806E+11,RDX,C,Dinner,14,3,12,31,,12,3,22,47,,8,1,16,17,13,17,1,0,0,0,0,0,0,15:00.0,2018,6,2,26,30,1,Poultry,72
6,LHR,2.01806E+11,RDX,C,Dinner,14,3,12,31,,12,3,22,47,,8,1,16,17,13,17,1,0,0,0,0,0,0,15:00.0,2018,6,2,26,30,1,Seafood,72
74,CDG,2.01806E+11,GDX,C,Lunch,18,,9,39,,10,2,22,52,,8,4,24,15,13,12,0,0,0,1,0,0,0,35:00.0,2018,6,2,26,30,1,Seafood,76
74,CDG,2.01806E+11,GDX,C,Lunch,18,,9,39,,10,2,22,52,,8,4,24,15,13,12,1,0,0,0,0,0,0,35:00.0,2018,6,2,26,30,1,Poultry,76
74,CDG,2.01806E+11,GDX,C,Lunch,18,,9,39,,10,2,22,52,,8,4,24,15,13,12,1,0,0,0,0,0,0,35:00.0,2018,6,2,26,30,1,Red Meat,76
50,MUC,2.01807E+11,CDX,D,Lunch,13,3,2,20,2,19,3,11,45,,1,,14,21,4,19,0,0,0,1,0,0,0,40:00.0,2018,7,3,26,1,1,Poultry,59
50,MUC,2.01807E+11,CDX,D,Lunch,13,3,2,20,2,19,3,11,45,,1,,14,21,4,19,1,0,0,0,0,0,0,40:00.0,2018,7,3,26,1,1,Seafood,59
50,MUC,2.01807E+11,CDX,D,Lunch,13,3,2,20,2,19,3,11,45,,1,,14,21,4,19,1,0,0,0,0,0,0,40:00.0,2018,7,3,26,1,1,Red Meat,59
405,MEL,2.01806E+11,LSI,A,Lunch,24,5,18,55,1,,4,46,53,,,,40,17,46,,1,0,0,0,0,0,0,00:00.0,2018,6,2,26,28,1,Red Meat,102
405,MEL,2.01806E+11,LSI,A,Lunch,24,5,18,55,1,,4,46,53,,,,40,17,46,,0,0,0,1,0,0,0,00:00.0,2018,6,2,26,28,1,Poultry,102
405,MEL,2.01806E+11,LSI,A,Lunch,24,5,18,55,1,,4,46,53,,,,40,17,46,,0,0,0,1,0,0,0,00:00.0,2018,6,2,26,28,1,Seafood,102
46,FRA,2.01806E+11,ADX,C,Lunch,20,2,4,41,1,,2,16,50,,1,3,14,49,1,,0,0,0,1,0,0,0,15:00.0,2018,6,2,26,25,1,Red Meat,68
46,FRA,2.01806E+11,ADX,C,Lunch,20,2,4,41,1,,2,16,50,,1,3,14,49,1,,1,0,0,0,0,0,0,15:00.0,2018,6,2,26,25,1,Seafood,68
46,FRA,2.01806E+11,ADX,C,Lunch,20,2,4,41,1,,2,16,50,,1,3,14,49,1,,1,0,0,0,0,0,0,15:00.0,2018,6,2,26,25,1,Poultry,68
73,DXB,2.01806E+11,BCD,C,Lunch,25,3,16,43,3,6,3,28,65,,8,4,19,43,16,6,1,0,0,0,0,0,0,20:00.0,2018,6,2,26,28,1,Seafood,96
73,DXB,2.01806E+11,BCD,C,Lunch,25,3,16,43,3,6,3,28,65,,8,4,19,43,16,6,1,0,0,0,0,0,0,20:00.0,2018,6,2,26,28,1,Red Meat,96
73,DXB,2.01806E+11,BCD,C,Lunch,25,3,16,43,3,6,3,28,65,,8,4,19,43,16,6,1,0,0,0,0,0,0,20:00.0,2018,6,2,26,28,1,Poultry,96
73,DXB,2.01806E+11,BCD,C,Lunch,16,2,15,22,2,23,4,31,45,,1,3,9,33,7,27,1,0,0,0,0,0,0,20:00.0,2018,6,2,26,30,1,Red Meat,80
73,DXB,2.01806E+11,BCD,C,Lunch,16,2,15,22,2,23,4,31,45,,1,3,9,33,7,27,1,0,0,0,0,0,0,20:00.0,2018,6,2,26,30,1,Seafood,80
73,DXB,2.01806E+11,BCD,C,Lunch,16,2,15,22,2,23,4,31,45,,1,3,9,33,7,27,1,0,0,0,0,0,0,20:00.0,2018,6,2,26,30,1,Poultry,80
1,DXB,2.01806E+11,BLH,C,Lunch,25,4,12,39,1,5,4,32,50,,9,1,19,25,27,5,1,0,0,0,0,0,0,45:00.0,2018,6,2,26,26,1,Poultry,86
1,DXB,2.01806E+11,BLH,C,Lunch,25,4,12,39,1,5,4,32,50,,9,1,19,25,27,5,1,0,0,0,0,0,0,45:00.0,2018,6,2,26,26,1,Red Meat,86
1,DXB,2.01806E+11,BLH,C,Lunch,25,4,12,39,1,5,4,32,50,,9,1,19,25,27,5,1,0,0,0,0,0,0,45:00.0,2018,6,2,26,26,1,Seafood,86
46,FRA,2.01806E+11,ADX,C,Lunch,10,1,4,14,2,9,2,13,25,,,2,15,6,4,13,1,0,0,0,0,0,0,15:00.0,2018,6,2,26,30,1,Poultry,40
46,FRA,2.01806E+11,ADX,C,Lunch,10,1,4,14,2,9,2,13,25,,,2,15,6,4,13,1,0,0,0,0,0,0,15:00.0,2018,6,2,26,30,1,Seafood,40
46,FRA,2.01806E+11,ADX,C,Lunch,10,1,4,14,2,9,2,13,25,,,2,15,6,4,13,0,0,0,1,0,0,0,15:00.0,2018,6,2,26,30,1,Red Meat,40
31,DXB,2.01806E+11,BLH,C,Lunch,13,15,11,35,14,5,14,39,40,,2,3,51,31,,6,1,0,0,0,0,0,0,25:00.0,2018,6,2,26,27,1,Poultry,92
31,DXB,2.01806E+11,BLH,C,Lunch,13,15,11,35,14,5,14,39,40,,2,3,51,31,,6,1,0,0,0,0,0,0,25:00.0,2018,6,2,26,27,1,Red Meat,92
31,DXB,2.01806E+11,BLH,C,Lunch,13,15,11,35,14,5,14,39,40,,2,3,51,31,,6,1,0,0,0,0,0,0,25:00.0,2018,6,2,26,27,1,Seafood,92
88,ZRH,2.01806E+11,HDX,C,Lunch,12,2,10,28,1,1,2,17,35,,,5,24,22,2,1,1,0,0,0,0,0,0,25:00.0,2018,6,2,26,25,1,Red Meat,54
88,ZRH,2.01806E+11,HDX,C,Lunch,12,2,10,28,1,1,2,17,35,,,5,24,22,2,1,1,0,0,0,0,0,0,25:00.0,2018,6,2,26,25,1,Seafood,54
88,ZRH,2.01806E+11,HDX,C,Lunch,12,2,10,28,1,1,2,17,35,,,5,24,22,2,1,1,0,0,0,0,0,0,25:00.0,2018,6,2,26,25,1,Poultry,54
201,DXB,2.01806E+11,BJF,C,Lunch,18,5,11,44,8,17,3,43,57,,2,41,32,5,5,18,1,0,0,0,0,0,0,30:00.0,2018,6,2,26,28,1,Red Meat,101
201,DXB,2.01806E+11,BJF,C,Lunch,18,5,11,44,8,17,3,43,57,,2,41,32,5,5,18,0,0,0,1,0,0,0,30:00.0,2018,6,2,26,28,1,Poultry,101
201,DXB,2.01806E+11,BJF,C,Lunch,18,5,11,44,8,17,3,43,57,,2,41,32,5,5,18,1,0,0,0,0,0,0,30:00.0,2018,6,2,26,28,1,Pasta or Vegetarian,101
49,DXB,2.01806E+11,BMU,C,Lunch,31,3,12,30,1,7,2,26,56,,1,5,52,8,11,7,1,0,0,0,0,0,0,50:00.0,2018,6,2,25,24,1,Poultry,83
49,DXB,2.01806E+11,BMU,C,Lunch,31,3,12,30,1,7,2,26,56,,1,5,52,8,11,7,1,0,0,0,0,0,0,50:00.0,2018,6,2,25,24,1,Red Meat,83
49,DXB,2.01806E+11,BMU,C,Lunch,31,3,12,30,1,7,2,26,56,,1,5,52,8,11,7,1,0,0,0,0,0,0,50:00.0,2018,6,2,25,24,1,Seafood,83
46,FRA,2.01806E+11,ADX,C,Lunch,8,1,6,12,,4,1,7,23,,,1,12,13,1,4,1,0,0,0,0,0,0,15:00.0,2018,6,2,26,27,1,Poultry,31
46,FRA,2.01806E+11,ADX,C,Lunch,8,1,6,12,,4,1,7,23,,,1,12,13,1,4,0,0,0,1,0,0,0,15:00.0,2018,6,2,26,27,1,Red Meat,31
46,FRA,2.01806E+11,ADX,C,Lunch,8,1,6,12,,4,1,7,23,,,1,12,13,1,4,1,0,0,0,0,0,0,15:00.0,2018,6,2,26,27,1,Seafood,31
2,LHR,2.01806E+11,RDX,C,Lunch,25,1,14,42,4,9,,40,55,,3,4,40,29,6,13,1,0,0,0,0,0,0,20:00.0,2018,6,2,26,26,1,Poultry,94
2,LHR,2.01806E+11,RDX,C,Lunch,25,1,14,42,4,9,,40,55,,3,4,40,29,6,13,1,0,0,0,0,0,0,20:00.0,2018,6,2,26,26,1,Seafood,94
2,LHR,2.01806E+11,RDX,C,Lunch,25,1,14,42,4,9,,40,55,,3,4,40,29,6,13,1,0,0,0,0,0,0,20:00.0,2018,6,2,26,26,1,Red Meat,94
29,DXB,2.01806E+11,BLH,C,Lunch,19,,15,43,5,7,2,32,55,1,13,3,17,37,11,7,1,0,0,0,0,0,0,40:00.0,2018,6,2,26,29,1,Seafood,89
29,DXB,2.01806E+11,BLH,C,Lunch,19,,15,43,5,7,2,32,55,1,13,3,17,37,11,7,1,0,0,0,0,0,0,40:00.0,2018,6,2,26,29,1,Red Meat,89
29,DXB,2.01806E+11,BLH,C,Lunch,19,,15,43,5,7,2,32,55,1,13,3,17,37,11,7,1,0,0,0,0,0,0,40:00.0,2018,6,2,26,29,1,Poultry,89
2,LHR,2.01806E+11,RDX,C,Lunch,27,3,19,27,,9,2,33,50,,5,,31,27,12,10,1,0,0,0,0,0,0,20:00.0,2018,6,2,26,28,1,Poultry,84
2,LHR,2.01806E+11,RDX,C,Lunch,27,3,19,27,,9,2,33,50,,5,,31,27,12,10,1,0,0,0,0,0,0,20:00.0,2018,6,2,26,28,1,Seafood,84
2,LHR,2.01806E+11,RDX,C,Lunch,27,3,19,27,,9,2,33,50,,5,,31,27,12,10,1,0,0,0,0,0,0,20:00.0,2018,6,2,26,28,1,Red Meat,84
202,JFK,2.01806E+11,KDX,C,Lunch,12,7,9,40,5,1,7,28,39,,4,18,42,6,,4,0,0,0,0,1,0,0,00:00.0,2018,6,2,26,26,1,Poultry,74
202,JFK,2.01806E+11,KDX,C,Lunch,12,7,9,40,5,1,7,28,39,,4,18,42,6,,4,0,0,1,0,0,0,0,00:00.0,2018,6,2,26,26,1,Seafood,74
202,JFK,2.01806E+11,KDX,C,Lunch,12,7,9,40,5,1,7,28,39,,4,18,42,6,,4,0,0,0,1,0,0,0,00:00.0,2018,6,2,26,26,1,Red Meat,74
139,DXB,2.01806E+11,BPR,C,Lunch,8,,5,17,1,1,,15,17,,1,5,10,11,4,1,1,0,0,0,0,0,0,35:00.0,2018,6,2,26,26,1,Red Meat,32
139,DXB,2.01806E+11,BPR,C,Lunch,8,,5,17,1,1,,15,17,,1,5,10,11,4,1,1,0,0,0,0,0,0,35:00.0,2018,6,2,26,26,1,Poultry,32
139,DXB,2.01806E+11,BPR,C,Lunch,8,,5,17,1,1,,15,17,,1,5,10,11,4,1,1,0,0,0,0,0,0,35:00.0,2018,6,2,26,26,1,Seafood,32
30,LHR,2.01806E+11,RDX,C,Lunch,41,3,12,24,7,4,2,34,55,,15,6,40,26,,4,1,0,0,0,0,0,0,55:00.0,2018,6,2,26,25,1,Red Meat,90
30,LHR,2.01806E+11,RDX,C,Lunch,41,3,12,24,7,4,2,34,55,,15,6,40,26,,4,1,0,0,0,0,0,0,55:00.0,2018,6,2,26,25,1,Poultry,90
30,LHR,2.01806E+11,RDX,C,Lunch,41,3,12,24,7,4,2,34,55,,15,6,40,26,,4,1,0,0,0,0,0,0,55:00.0,2018,6,2,26,25,1,Seafood,90
405,MEL,2.01806E+11,LSI,A,Lunch,14,1,28,37,2,9,1,34,56,,,2,12,15,53,9,1,0,0,0,0,0,0,00:00.0,2018,6,2,26,27,1,Red Meat,91
405,MEL,2.01806E+11,LSI,A,Lunch,14,1,28,37,2,9,1,34,56,,,2,12,15,53,9,0,0,0,1,0,0,0,00:00.0,2018,6,2,26,27,1,Poultry,91
405,MEL,2.01806E+11,LSI,A,Lunch,14,1,28,37,2,9,1,34,56,,,2,12,15,53,9,0,0,0,1,0,0,0,00:00.0,2018,6,2,26,27,1,Seafood,91
405,MEL,2.01807E+11,LSI,B,Lunch,11,5,13,27,2,20,5,33,40,,,,4,8,42,24,0,0,0,1,0,0,0,00:00.0,2018,7,3,26,1,1,Poultry,78
405,MEL,2.01807E+11,LSI,B,Lunch,11,5,13,27,2,20,5,33,40,,,,4,8,42,24,0,0,0,1,0,0,0,00:00.0,2018,7,3,26,1,1,Red Meat,78
405,MEL,2.01807E+11,LSI,B,Lunch,11,5,13,27,2,20,5,33,40,,,,4,8,42,24,0,0,0,1,0,0,0,00:00.0,2018,7,3,26,1,1,Seafood,78
5,DXB,2.01806E+11,BLH,C,Lunch,15,10,10,53,3,2,9,30,54,,1,4,45,29,12,2,1,0,0,0,0,0,0,45:00.0,2018,6,2,26,26,1,Red Meat,92
5,DXB,2.01806E+11,BLH,C,Lunch,15,10,10,53,3,2,9,30,54,,1,4,45,29,12,2,1,0,0,0,0,0,0,45:00.0,2018,6,2,26,26,1,Seafood,92
5,DXB,2.01806E+11,BLH,C,Lunch,15,10,10,53,3,2,9,30,54,,1,4,45,29,12,2,1,0,0,0,0,0,0,45:00.0,2018,6,2,26,26,1,Poultry,92
406,DXB,2.01806E+11,BME,C,Lunch,14,1,20,36,2,4,,34,43,,,1,3,8,60,5,0,0,0,1,0,0,0,15:00.0,2018,6,2,26,30,1,Seafood,76
406,DXB,2.01806E+11,BME,C,Lunch,14,1,20,36,2,4,,34,43,,,1,3,8,60,5,0,0,0,1,0,0,0,15:00.0,2018,6,2,26,30,1,Poultry,76
406,DXB,2.01806E+11,BME,C,Lunch,14,1,20,36,2,4,,34,43,,,1,3,8,60,5,1,0,0,0,0,0,0,15:00.0,2018,6,2,26,30,1,Red Meat,76
88,ZRH,2.01806E+11,HDX,C,Lunch,9,1,7,27,,1,,19,26,,,,16,22,6,1,1,0,0,0,0,0,0,25:00.0,2018,6,2,26,26,1,Seafood,44
88,ZRH,2.01806E+11,HDX,C,Lunch,9,1,7,27,,1,,19,26,,,,16,22,6,1,1,0,0,0,0,0,0,25:00.0,2018,6,2,26,26,1,Red Meat,44
88,ZRH,2.01806E+11,HDX,C,Lunch,9,1,7,27,,1,,19,26,,,,16,22,6,1,1,0,0,0,0,0,0,25:00.0,2018,6,2,26,26,1,Poultry,44
773,CPT,2.01806E+11,TDX,A,Lunch,12,2,5,16,2,4,3,15,23,,13,19,1,3,,5,1,0,0,0,0,0,0,05:00.0,2018,6,2,26,28,1,Poultry,41
773,CPT,2.01806E+11,TDX,A,Lunch,12,2,5,16,2,4,3,15,23,,13,19,1,3,,5,1,0,0,0,0,0,0,05:00.0,2018,6,2,26,28,1,Seafood,41
773,CPT,2.01806E+11,TDX,A,Lunch,12,2,5,16,2,4,3,15,23,,13,19,1,3,,5,1,0,0,0,0,0,0,05:00.0,2018,6,2,26,28,1,Red Meat,41
140,PRG,2.01806E+11,GDX,C,Lunch,12,2,8,27,,7,2,14,40,,4,1,22,8,9,12,1,0,0,0,0,0,0,55:00.0,2018,6,2,26,30,1,Poultry,56
140,PRG,2.01806E+11,GDX,C,Lunch,12,2,8,27,,7,2,14,40,,4,1,22,8,9,12,1,0,0,0,0,0,0,55:00.0,2018,6,2,26,30,1,Red Meat,56
140,PRG,2.01806E+11,GDX,C,Lunch,12,2,8,27,,7,2,14,40,,4,1,22,8,9,12,0,0,0,1,0,0,0,55:00.0,2018,6,2,26,30,1,Seafood,56
407,MEL,2.01807E+11,LDX,B,Dinner,12,2,23,14,,17,4,29,35,,,,5,10,29,24,0,0,0,1,0,0,0,15:00.0,2018,7,3,26,1,1,Seafood,68
407,MEL,2.01807E+11,LDX,B,Dinner,12,2,23,14,,17,4,29,35,,,,5,10,29,24,0,0,0,1,0,0,0,15:00.0,2018,7,3,26,1,1,Red Meat,68
407,MEL,2.01807E+11,LDX,B,Dinner,12,2,23,14,,17,4,29,35,,,,5,10,29,24,0,0,0,1,0,0,0,15:00.0,2018,7,3,26,1,1,Poultry,68
2,LHR,2.01806E+11,RDX,C,Lunch,27,3,15,38,2,7,3,32,57,,1,4,15,48,16,8,1,0,0,0,0,0,0,20:00.0,2018,6,2,25,24,1,Red Meat,92
2,LHR,2.01806E+11,RDX,C,Lunch,27,3,15,38,2,7,3,32,57,,1,4,15,48,16,8,1,0,0,0,0,0,0,20:00.0,2018,6,2,25,24,1,Seafood,92
2,LHR,2.01806E+11,RDX,C,Lunch,27,3,15,38,2,7,3,32,57,,1,4,15,48,16,8,1,0,0,0,0,0,0,20:00.0,2018,6,2,25,24,1,Poultry,92
4,LHR,2.01806E+11,RDX,C,Dinner,24,3,12,49,2,5,3,21,71,,13,4,22,35,16,5,1,0,0,0,0,0,0,40:00.0,2018,6,2,26,28,1,Poultry,95
4,LHR,2.01806E+11,RDX,C,Dinner,24,3,12,49,2,5,3,21,71,,13,4,22,35,16,5,1,0,0,0,0,0,0,40:00.0,2018,6,2,26,28,1,Seafood,95
4,LHR,2.01806E+11,RDX,C,Dinner,24,3,12,49,2,5,3,21,71,,13,4,22,35,16,5,1,0,0,0,0,0,0,40:00.0,2018,6,2,26,28,1,Red Meat,95
49,DXB,2.01806E+11,BMU,C,Lunch,15,6,6,42,5,5,6,26,47,,2,2,31,35,4,5,1,0,0,0,0,0,0,50:00.0,2018,6,2,26,28,1,Poultry,79
49,DXB,2.01806E+11,BMU,C,Lunch,15,6,6,42,5,5,6,26,47,,2,2,31,35,4,5,1,0,0,0,0,0,0,50:00.0,2018,6,2,26,28,1,Red Meat,79
49,DXB,2.01806E+11,BMU,C,Lunch,15,6,6,42,5,5,6,26,47,,2,2,31,35,4,5,1,0,0,0,0,0,0,50:00.0,2018,6,2,26,28,1,Seafood,79
201,DXB,2.01806E+11,BJF,C,Lunch,20,4,19,30,10,28,7,44,60,,3,26,32,5,10,35,0,0,0,1,0,0,0,30:00.0,2018,6,2,26,27,1,Poultry,110
201,DXB,2.01806E+11,BJF,C,Lunch,20,4,19,30,10,28,7,44,60,,3,26,32,5,10,35,1,0,0,0,0,0,0,30:00.0,2018,6,2,26,27,1,Red Meat,110
201,DXB,2.01806E+11,BJF,C,Lunch,20,4,19,30,10,28,7,44,60,,3,26,32,5,10,35,1,0,0,0,0,0,0,30:00.0,2018,6,2,26,27,1,Pasta or Vegetarian,110
406,DXB,2.01806E+11,BME,C,Lunch,8,,29,16,,1,,33,21,,,,2,6,45,1,1,0,0,0,0,0,0,15:00.0,2018,6,2,26,27,1,Red Meat,54
406,DXB,2.01806E+11,BME,C,Lunch,8,,29,16,,1,,33,21,,,,2,6,45,1,0,0,0,1,0,0,0,15:00.0,2018,6,2,26,27,1,Poultry,54
406,DXB,2.01806E+11,BME,C,Lunch,8,,29,16,,1,,33,21,,,,2,6,45,1,0,0,0,1,0,0,0,15:00.0,2018,6,2,26,27,1,Seafood,54
4,LHR,2.01806E+11,RDX,C,Dinner,23,1,15,27,2,,,20,48,,5,5,26,31,1,,1,0,0,0,0,0,0,40:00.0,2018,6,2,26,27,1,Red Meat,67
4,LHR,2.01806E+11,RDX,C,Dinner,23,1,15,27,2,,,20,48,,5,5,26,31,1,,1,0,0,0,0,0,0,40:00.0,2018,6,2,26,27,1,Seafood,67
4,LHR,2.01806E+11,RDX,C,Dinner,23,1,15,27,2,,,20,48,,5,5,26,31,1,,1,0,0,0,0,0,0,40:00.0,2018,6,2,26,27,1,Poultry,67
2,LHR,2.01806E+11,RDX,C,Lunch,18,4,22,31,,8,3,36,44,,2,5,23,25,20,8,1,0,0,0,0,0,0,20:00.0,2018,6,2,26,27,1,Red Meat,82
2,LHR,2.01806E+11,RDX,C,Lunch,18,4,22,31,,8,3,36,44,,2,5,23,25,20,8,1,0,0,0,0,0,0,20:00.0,2018,6,2,26,27,1,Poultry,82
2,LHR,2.01806E+11,RDX,C,Lunch,18,4,22,31,,8,3,36,44,,2,5,23,25,20,8,1,0,0,0,0,0,0,20:00.0,2018,6,2,26,27,1,Seafood,82
3,DXB,2.01806E+11,BLH,C,Lunch,16,9,15,40,5,8,8,36,49,,2,,33,29,21,8,1,0,0,0,0,0,0,15:00.0,2018,6,2,26,28,1,Seafood,92
3,DXB,2.01806E+11,BLH,C,Lunch,16,9,15,40,5,8,8,36,49,,2,,33,29,21,8,1,0,0,0,0,0,0,15:00.0,2018,6,2,26,28,1,Red Meat,92
3,DXB,2.01806E+11,BLH,C,Lunch,16,9,15,40,5,8,8,36,49,,2,,33,29,21,8,1,0,0,0,0,0,0,15:00.0,2018,6,2,26,28,1,Poultry,92
5,DXB,2.01806E+11,BLH,C,Lunch,22,6,21,40,6,10,6,39,60,,1,2,22,50,19,11,1,0,0,0,0,0,0,45:00.0,2018,6,2,26,28,1,Red Meat,105
5,DXB,2.01806E+11,BLH,C,Lunch,22,6,21,40,6,10,6,39,60,,1,2,22,50,19,11,1,0,0,0,0,0,0,45:00.0,2018,6,2,26,28,1,Poultry,105
5,DXB,2.01806E+11,BLH,C,Lunch,22,6,21,40,6,10,6,39,60,,1,2,22,50,19,11,1,0,0,0,0,0,0,45:00.0,2018,6,2,26,28,1,Seafood,105
30,LHR,2.01806E+11,RDX,C,Lunch,23,1,9,18,5,13,,32,37,,2,,29,23,1,14,1,0,0,0,0,0,0,55:00.0,2018,6,2,26,27,1,Red Meat,68
30,LHR,2.01806E+11,RDX,C,Lunch,23,1,9,18,5,13,,32,37,,2,,29,23,1,14,1,0,0,0,0,0,0,55:00.0,2018,6,2,26,27,1,Poultry,68
30,LHR,2.01806E+11,RDX,C,Lunch,23,1,9,18,5,13,,32,37,,2,,29,23,1,14,1,0,0,0,0,0,0,55:00.0,2018,6,2,26,27,1,Seafood,68
87,DXB,2.01806E+11,BZR,C,Lunch,19,2,3,28,1,4,3,20,34,,4,,25,16,8,4,1,0,0,0,0,0,0,40:00.0,2018,6,2,25,24,1,Seafood,57
87,DXB,2.01806E+11,BZR,C,Lunch,19,2,3,28,1,4,3,20,34,,4,,25,16,8,4,1,0,0,0,0,0,0,40:00.0,2018,6,2,25,24,1,Red Meat,57
87,DXB,2.01806E+11,BZR,C,Lunch,19,2,3,28,1,4,3,20,34,,4,,25,16,8,4,1,0,0,0,0,0,0,40:00.0,2018,6,2,25,24,1,Poultry,57
29,DXB,2.01806E+11,BLH,C,Lunch,23,6,18,38,3,4,5,46,41,,7,9,22,42,8,4,1,0,0,0,0,0,0,40:00.0,2018,6,2,26,26,1,Red Meat,92
29,DXB,2.01806E+11,BLH,C,Lunch,23,6,18,38,3,4,5,46,41,,7,9,22,42,8,4,1,0,0,0,0,0,0,40:00.0,2018,6,2,26,26,1,Poultry,92
29,DXB,2.01806E+11,BLH,C,Lunch,23,6,18,38,3,4,5,46,41,,7,9,22,42,8,4,1,0,0,0,0,0,0,40:00.0,2018,6,2,26,26,1,Seafood,92
29,DXB,2.01806E+11,BLH,C,Lunch,26,7,10,37,5,6,8,33,50,,23,2,26,19,10,11,1,0,0,0,0,0,0,40:00.0,2018,6,2,25,24,1,Seafood,90
29,DXB,2.01806E+11,BLH,C,Lunch,26,7,10,37,5,6,8,33,50,,23,2,26,19,10,11,1,0,0,0,0,0,0,40:00.0,2018,6,2,25,24,1,Red Meat,90
29,DXB,2.01806E+11,BLH,C,Lunch,26,7,10,37,5,6,8,33,50,,23,2,26,19,10,11,1,0,0,0,0,0,0,40:00.0,2018,6,2,25,24,1,Poultry,90
88,ZRH,2.01806E+11,HDX,C,Lunch,18,7,9,26,,10,6,24,40,,,1,41,6,8,14,1,0,0,0,0,0,0,25:00.0,2018,6,2,26,30,1,Poultry,69
88,ZRH,2.01806E+11,HDX,C,Lunch,18,7,9,26,,10,6,24,40,,,1,41,6,8,14,1,0,0,0,0,0,0,25:00.0,2018,6,2,26,30,1,Seafood,69
88,ZRH,2.01806E+11,HDX,C,Lunch,18,7,9,26,,10,6,24,40,,,1,41,6,8,14,1,0,0,0,0,0,0,25:00.0,2018,6,2,26,30,1,Red Meat,69
140,PRG,2.01806E+11,GDX,C,Lunch,16,3,10,16,,,2,14,29,,,3,22,7,13,,1,0,0,0,0,0,0,55:00.0,2018,6,2,26,26,1,Poultry,44
140,PRG,2.01806E+11,GDX,C,Lunch,16,3,10,16,,,2,14,29,,,3,22,7,13,,0,0,0,1,0,0,0,55:00.0,2018,6,2,26,26,1,Seafood,44
140,PRG,2.01806E+11,GDX,C,Lunch,16,3,10,16,,,2,14,29,,,3,22,7,13,,1,0,0,0,0,0,0,55:00.0,2018,6,2,26,26,1,Red Meat,44
6,LHR,2.01806E+11,RDX,C,Dinner,24,3,16,35,,1,3,22,54,,6,,16,33,23,1,1,0,0,0,0,0,0,15:00.0,2018,6,2,25,24,1,Red Meat,79
6,LHR,2.01806E+11,RDX,C,Dinner,24,3,16,35,,1,3,22,54,,6,,16,33,23,1,1,0,0,0,0,0,0,15:00.0,2018,6,2,25,24,1,Seafood,79
6,LHR,2.01806E+11,RDX,C,Dinner,24,3,16,35,,1,3,22,54,,6,,16,33,23,1,1,0,0,0,0,0,0,15:00.0,2018,6,2,25,24,1,Poultry,79
46,FRA,2.01806E+11,ADX,C,Lunch,26,1,6,25,5,1,1,17,46,,1,,15,46,1,1,1,0,0,0,0,0,0,15:00.0,2018,6,2,25,24,1,Seafood,64
46,FRA,2.01806E+11,ADX,C,Lunch,26,1,6,25,5,1,1,17,46,,1,,15,46,1,1,1,0,0,0,0,0,0,15:00.0,2018,6,2,25,24,1,Poultry,64
46,FRA,2.01806E+11,ADX,C,Lunch,26,1,6,25,5,1,1,17,46,,1,,15,46,1,1,0,0,0,1,0,0,0,15:00.0,2018,6,2,25,24,1,Red Meat,64
73,DXB,2.01806E+11,BCD,C,Lunch,54,4,8,20,,1,2,11,74,,4,3,10,65,4,1,1,0,0,0,0,0,0,20:00.0,2018,6,2,26,25,1,Poultry,87
73,DXB,2.01806E+11,BCD,C,Lunch,54,4,8,20,,1,2,11,74,,4,3,10,65,4,1,1,0,0,0,0,0,0,20:00.0,2018,6,2,26,25,1,Red Meat,87
73,DXB,2.01806E+11,BCD,C,Lunch,54,4,8,20,,1,2,11,74,,4,3,10,65,4,1,1,0,0,0,0,0,0,20:00.0,2018,6,2,26,25,1,Seafood,87
773,CPT,2.01806E+11,TDX,A,Lunch,6,2,6,15,1,3,2,14,17,,11,7,4,6,1,4,1,0,0,0,0,0,0,05:00.0,2018,6,2,26,29,1,Poultry,33
773,CPT,2.01806E+11,TDX,A,Lunch,6,2,6,15,1,3,2,14,17,,11,7,4,6,1,4,1,0,0,0,0,0,0,05:00.0,2018,6,2,26,29,1,Red Meat,33
773,CPT,2.01806E+11,TDX,A,Lunch,6,2,6,15,1,3,2,14,17,,11,7,4,6,1,4,1,0,0,0,0,0,0,05:00.0,2018,6,2,26,29,1,Seafood,33
74,CDG,2.01806E+11,GDX,C,Lunch,24,,12,47,2,3,,28,60,,1,4,23,47,9,4,0,0,0,1,0,0,0,35:00.0,2018,6,2,25,24,1,Seafood,88
74,CDG,2.01806E+11,GDX,C,Lunch,24,,12,47,2,3,,28,60,,1,4,23,47,9,4,1,0,0,0,0,0,0,35:00.0,2018,6,2,25,24,1,Red Meat,88
74,CDG,2.01806E+11,GDX,C,Lunch,24,,12,47,2,3,,28,60,,1,4,23,47,9,4,1,0,0,0,0,0,0,35:00.0,2018,6,2,25,24,1,Poultry,88
81,DXB,2.01806E+11,BLY,C,Lunch,2,3,2,5,,,3,5,4,,1,,,11,,,1,0,0,0,0,0,0,35:00.0,2018,6,2,26,30,1,Red Meat,12
81,DXB,2.01806E+11,BLY,C,Lunch,2,3,2,5,,,3,5,4,,1,,,11,,,1,0,0,0,0,0,0,35:00.0,2018,6,2,26,30,1,Poultry,12
81,DXB,2.01806E+11,BLY,C,Lunch,2,3,2,5,,,3,5,4,,1,,,11,,,1,0,0,0,0,0,0,35:00.0,2018,6,2,26,30,1,Seafood,12
88,ZRH,2.01806E+11,HDX,C,Lunch,10,1,8,17,,2,1,11,26,,1,1,20,12,1,3,1,0,0,0,0,0,0,25:00.0,2018,6,2,26,29,1,Seafood,38
88,ZRH,2.01806E+11,HDX,C,Lunch,10,1,8,17,,2,1,11,26,,1,1,20,12,1,3,1,0,0,0,0,0,0,25:00.0,2018,6,2,26,29,1,Red Meat,38
88,ZRH,2.01806E+11,HDX,C,Lunch,10,1,8,17,,2,1,11,26,,1,1,20,12,1,3,1,0,0,0,0,0,0,25:00.0,2018,6,2,26,29,1,Poultry,38
704,MRU,2.01807E+11,UDX,D,Dinner,6,2,8,18,2,5,2,20,19,,4,,2,28,,7,1,0,0,0,0,0,0,50:00.0,2018,7,3,26,1,1,Seafood,40
704,MRU,2.01807E+11,UDX,D,Dinner,6,2,8,18,2,5,2,20,19,,4,,2,28,,7,1,0,0,0,0,0,0,50:00.0,2018,7,3,26,1,1,Red Meat,40
704,MRU,2.01807E+11,UDX,D,Dinner,6,2,8,18,2,5,2,20,19,,4,,2,28,,7,1,0,0,0,0,0,0,50:00.0,2018,7,3,26,1,1,Poultry,40
46,FRA,2.01806E+11,ADX,C,Lunch,32,2,14,33,4,4,2,20,67,,8,2,41,26,5,7,1,0,0,0,0,0,0,15:00.0,2018,6,2,26,28,1,Seafood,89
46,FRA,2.01806E+11,ADX,C,Lunch,32,2,14,33,4,4,2,20,67,,8,2,41,26,5,7,1,0,0,0,0,0,0,15:00.0,2018,6,2,26,28,1,Poultry,89
46,FRA,2.01806E+11,ADX,C,Lunch,32,2,14,33,4,4,2,20,67,,8,2,41,26,5,7,0,0,0,1,0,0,0,15:00.0,2018,6,2,26,28,1,Red Meat,89
3,DXB,2.01806E+11,BLH,C,Lunch,12,3,8,34,6,11,3,26,45,,,4,6,29,13,22,1,0,0,0,0,0,0,15:00.0,2018,6,2,26,29,1,Red Meat,74
3,DXB,2.01806E+11,BLH,C,Lunch,12,3,8,34,6,11,3,26,45,,,4,6,29,13,22,1,0,0,0,0,0,0,15:00.0,2018,6,2,26,29,1,Poultry,74
3,DXB,2.01806E+11,BLH,C,Lunch,12,3,8,34,6,11,3,26,45,,,4,6,29,13,22,1,0,0,0,0,0,0,15:00.0,2018,6,2,26,29,1,Seafood,74
87,DXB,2.01806E+11,BZR,C,Lunch,28,13,16,34,2,7,13,32,55,,5,,44,38,2,11,1,0,0,0,0,0,0,40:00.0,2018,6,2,26,29,1,Seafood,100
87,DXB,2.01806E+11,BZR,C,Lunch,28,13,16,34,2,7,13,32,55,,5,,44,38,2,11,1,0,0,0,0,0,0,40:00.0,2018,6,2,26,29,1,Poultry,100
87,DXB,2.01806E+11,BZR,C,Lunch,28,13,16,34,2,7,13,32,55,,5,,44,38,2,11,1,0,0,0,0,0,0,40:00.0,2018,6,2,26,29,1,Red Meat,100
407,MEL,2.01806E+11,LDX,A,Dinner,5,,7,25,3,38,,33,45,,,,1,4,35,38,1,0,0,0,0,0,0,25:00.0,2018,6,2,26,29,1,Red Meat,78
407,MEL,2.01806E+11,LDX,A,Dinner,5,,7,25,3,38,,33,45,,,,1,4,35,38,0,0,0,1,0,0,0,25:00.0,2018,6,2,26,29,1,Seafood,78
407,MEL,2.01806E+11,LDX,A,Dinner,5,,7,25,3,38,,33,45,,,,1,4,35,38,0,0,0,1,0,0,0,25:00.0,2018,6,2,26,29,1,Poultry,78
30,LHR,2.01806E+11,RDX,C,Lunch,31,3,15,40,,2,2,35,54,,10,1,41,36,,3,1,0,0,0,0,0,0,55:00.0,2018,6,2,25,24,1,Red Meat,90
30,LHR,2.01806E+11,RDX,C,Lunch,31,3,15,40,,2,2,35,54,,10,1,41,36,,3,1,0,0,0,0,0,0,55:00.0,2018,6,2,25,24,1,Poultry,90
30,LHR,2.01806E+11,RDX,C,Lunch,31,3,15,40,,2,2,35,54,,10,1,41,36,,3,1,0,0,0,0,0,0,55:00.0,2018,6,2,25,24,1,Seafood,90
50,MUC,2.01806E+11,CDX,C,Lunch,23,5,10,12,1,1,3,24,25,,,,37,4,10,1,1,0,0,0,0,0,0,40:00.0,2018,6,2,26,28,1,Poultry,50
50,MUC,2.01806E+11,CDX,C,Lunch,23,5,10,12,1,1,3,24,25,,,,37,4,10,1,0,0,0,1,0,0,0,40:00.0,2018,6,2,26,28,1,Red Meat,50
50,MUC,2.01806E+11,CDX,C,Lunch,23,5,10,12,1,1,3,24,25,,,,37,4,10,1,1,0,0,0,0,0,0,40:00.0,2018,6,2,26,28,1,Seafood,50
8,LHR,2.01806E+11,RDX,C,Lunch,21,6,11,39,4,1,6,29,47,,2,8,34,30,7,1,1,0,0,0,0,0,0,05:00.0,2018,6,2,26,26,1,Red Meat,82
8,LHR,2.01806E+11,RDX,C,Lunch,21,6,11,39,4,1,6,29,47,,2,8,34,30,7,1,1,0,0,0,0,0,0,05:00.0,2018,6,2,26,26,1,Seafood,82
8,LHR,2.01806E+11,RDX,C,Lunch,21,6,11,39,4,1,6,29,47,,2,8,34,30,7,1,1,0,0,0,0,0,0,05:00.0,2018,6,2,26,26,1,Poultry,82
73,DXB,2.01806E+11,BCD,C,Lunch,23,8,11,43,3,9,8,35,54,,3,1,22,48,14,9,1,0,0,0,0,0,0,20:00.0,2018,6,2,26,29,1,Seafood,97
73,DXB,2.01806E+11,BCD,C,Lunch,23,8,11,43,3,9,8,35,54,,3,1,22,48,14,9,1,0,0,0,0,0,0,20:00.0,2018,6,2,26,29,1,Poultry,97
73,DXB,2.01806E+11,BCD,C,Lunch,23,8,11,43,3,9,8,35,54,,3,1,22,48,14,9,1,0,0,0,0,0,0,20:00.0,2018,6,2,26,29,1,Red Meat,97
140,PRG,2.01806E+11,GDX,C,Lunch,23,1,5,21,,7,3,21,33,,2,3,26,14,5,7,1,0,0,0,0,0,0,55:00.0,2018,6,2,25,24,1,Red Meat,57
140,PRG,2.01806E+11,GDX,C,Lunch,23,1,5,21,,7,3,21,33,,2,3,26,14,5,7,0,0,0,1,0,0,0,55:00.0,2018,6,2,25,24,1,Seafood,57
140,PRG,2.01806E+11,GDX,C,Lunch,23,1,5,21,,7,3,21,33,,2,3,26,14,5,7,1,0,0,0,0,0,0,55:00.0,2018,6,2,25,24,1,Poultry,57
139,DXB,2.01806E+11,BPR,C,Lunch,21,4,7,31,3,4,3,27,40,,,2,22,26,16,4,1,0,0,0,0,0,0,35:00.0,2018,6,2,26,29,1,Red Meat,69
139,DXB,2.01806E+11,BPR,C,Lunch,21,4,7,31,3,4,3,27,40,,,2,22,26,16,4,1,0,0,0,0,0,0,35:00.0,2018,6,2,26,29,1,Seafood,69
139,DXB,2.01806E+11,BPR,C,Lunch,21,4,7,31,3,4,3,27,40,,,2,22,26,16,4,1,0,0,0,0,0,0,35:00.0,2018,6,2,26,29,1,Poultry,69
3,DXB,2.01806E+11,BLH,C,Lunch,27,3,15,32,4,6,2,27,58,,,3,28,33,16,7,1,0,0,0,0,0,0,15:00.0,2018,6,2,25,24,1,Poultry,86
3,DXB,2.01806E+11,BLH,C,Lunch,27,3,15,32,4,6,2,27,58,,,3,28,33,16,7,1,0,0,0,0,0,0,15:00.0,2018,6,2,25,24,1,Red Meat,86
3,DXB,2.01806E+11,BLH,C,Lunch,27,3,15,32,4,6,2,27,58,,,3,28,33,16,7,1,0,0,0,0,0,0,15:00.0,2018,6,2,25,24,1,Seafood,86
139,DXB,2.01806E+11,BPR,C,Lunch,16,2,5,17,1,3,1,14,29,,2,1,14,22,2,3,1,0,0,0,0,0,0,35:00.0,2018,6,2,26,28,1,Seafood,43
139,DXB,2.01806E+11,BPR,C,Lunch,16,2,5,17,1,3,1,14,29,,2,1,14,22,2,3,1,0,0,0,0,0,0,35:00.0,2018,6,2,26,28,1,Poultry,43
139,DXB,2.01806E+11,BPR,C,Lunch,16,2,5,17,1,3,1,14,29,,2,1,14,22,2,3,1,0,0,0,0,0,0,35:00.0,2018,6,2,26,28,1,Red Meat,43
